journal,year,title,authors,abstract,url
Journal of Public Economics,2026,Fiscal externalities of transaction taxes: Evidence from the Los Angeles mansion tax,"Daniel Green, Vikram Jambulapati, Jack Liebersohn and Tejaswi Velayudhan","We estimate the fiscal externalities of a property transfer tax, the Los Angeles “Mansion Tax”, on the revenues from property taxes when assessed values are closely tied to transactions. In California, as in over half of U.S. states, growth in tax assessments between transactions lags market values, so any reduction in transaction frequency reduces the growth of property tax revenue. Assuming that Measure ULA did not directly change transaction rates outside of Los Angeles, we estimate a sizable fiscal externality: in our benchmark calibration, the resulting property-tax revenue loss offsets about four-fifths of the revenue generated by the transfer tax, and under alternative parameter values the offset can range from 30 percent to over 100 percent. The net revenue loss is larger for high-value and commercial properties.",http://www.sciencedirect.com/science/article/pii/S0047272726001143
Journal of Public Economics,2026,"Noncredit workforce training, industry credentials, and labor market outcomes","Di Xu, Kelli A. Bird, Michael Cooper and Benjamin L. Castleman","We provide quasi-experimental evidence on the labor market returns to industry-recognized credentials connected to community college noncredit workforce training programs. Using novel individual-level administrative data on noncredit workforce training program enrollees in the Virginia Community College System and individual fixed effects models, we estimate the returns to industry credentials by comparing the labor market trajectories of credential earners and individuals who complete the same training but do not obtain a credential. Our results indicate that earning an industry credential increases quarterly earnings by approximately $818, which is partially attributable to a higher likelihood of transitioning into a higher-paying industry. We estimate these earnings gains would exceed program costs in just over half a year.",http://www.sciencedirect.com/science/article/pii/S0047272726001155
Journal of Public Economics,2026,Occupational Hazard? An analysis of birth outcomes among physician mothers,"Anupam B. Jena, David Slusky and Lilly Springer","The long, physically demanding hours that physicians, particularly surgeons, work during their training could impact physician mothers’ birth outcomes. Using Texas birth data from 2007 to 2014, we compare birth outcomes between physicians and lawyers and between surgeons and non-surgeon physicians. We then examine whether the 2011 duty hour reform, which lowered trainee work hours, impacted those birth outcomes. We find that physicians have an increased incidence of having low birth weight and small for gestational age infants, with the results driven by surgeons. In addition, we find that the duty hour reform is associated with a reduction in the incidence of small for gestational age infants for younger physicians.",http://www.sciencedirect.com/science/article/pii/S0047272726001167
Journal of Public Economics,2026,Do pensions enhance effort and selective retention?: Evidence from public schools,Michael Bates and Andrew Johnston,"Why do employers offer pensions? We empirically investigate two rationales, namely that they improve worker effort and selectively retain good workers. We test these hypotheses using rich administrative data on effort and output for public school teachers around the pension-eligibility threshold. When teachers cross the threshold, their effective compensation falls by over 50 percent of salary due to sharply reduced pension accruals. Standard economic models predict that this effective pay cut reduces teacher effort and output, but we observe no such decline. This suggests that yearly pension accruals do not meaningfully increase effort. Similarly, if pensions selectively retain better teachers, we would expect average teacher quality to decline when the retentive incentive disappears at the threshold. Instead, we find no change in workforce composition, suggesting pensions do not selectively retain higher-performing teachers around the threshold.",http://www.sciencedirect.com/science/article/pii/S0047272726001209
Journal of Public Economics,2026,Combining part-time work and social benefits: Empirical evidence from Finland,"Salla Kalin, Tomi Kyyrä and Tuomas Matikka","We use population-wide data from Finland to provide evidence on the impact of earnings disregard policies on part-time work during unemployment spells. The share of part-time workers among benefit recipients increased sharply from about 10% to nearly 18% over a few years after the implementation of earnings disregards in unemployment benefits and housing allowances, which allowed individuals to earn up to 300 euros per month without reductions in their benefits. Using variation in the impact of the reforms on incentives between individuals eligible for different types of benefits, we estimate that the share of individuals working part-time during unemployment increased by 4.1–4.5 percentage points (23–32%) due to the implementation of earnings disregards, corresponding to a part-time work participation elasticity with respect to the participation tax rate of approximately 1. We find no evidence that earnings disregards crowd out full-time employment, but instead find moderate positive longer-run employment effects.",http://www.sciencedirect.com/science/article/pii/S0047272726001210
Journal of Public Economics,2026,Estimating the consumption-smoothing value of Medicaid expansion: Evidence and limits,"Anita Mukherjee, Daniel W. Sacks and Hoyoung Yoo","We ask what direct consumption data can reveal about the consumption-smoothing component of the insurance value of the Affordable Care Act Medicaid expansions. Medicaid expansion may reduce consumption risk by limiting exposure to out-of-pocket medical spending, but this channel may be muted when much uninsured care is financed through charity care, bad debt, or other forms of uncompensated care. We combine household expenditure data from the Consumer Expenditure Survey with the staggered timing of state Medicaid expansions to estimate effects on average consumption and on the within-education-group consumption distribution. We then map these estimated distributional effects into a static expected-utility framework. The exercise highlights both what this approach can reveal and where it is limited. Point estimates are largest for individuals without a high school degree and close to zero for higher-education groups, but the estimates are imprecise, including for average consumption. The resulting insurance-value calculations require additional assumptions and are also statistically imprecise. We therefore interpret the results as showing that existing consumption data can be used to bound the consumption-smoothing channel, but are not adequate to precisely estimate this component of the insurance value of Medicaid expansion. The findings clarify what can and cannot be learned from consumption data about this component of Medicaid’s value.",http://www.sciencedirect.com/science/article/pii/S0047272726001222
Journal of Public Economics,2026,The effect of dating markets on maternal and neonatal health,Krzysztof Zaremba,"This paper provides causal evidence that the sex composition of dating markets affects maternal and neonatal health. Using a novel instrument that leverages randomness in sex at birth to vary the availability of male partners, I find that a more favorable dating market for women decreases non-marital but increases marital fertility, lowers rates of chlamydia and hypertension among mothers, and decreases the incidence of low APGAR scores and a composite index of adverse birth outcomes. These effects appear to operate primarily through changes in relationship dynamics and selection into motherhood. Connecting this to inequalities, racial disparities in partner availability can explain 5–10% of the Black–White pregnancy health gap.",http://www.sciencedirect.com/science/article/pii/S0047272726001234
Journal of Public Economics,2026,Social observability and demand for transfers: Experimental evidence from a low income population,Marcel Fafchamps and Fadela Sadou Zouleya,"We examine how social observability affects the willingness of low-income individuals to apply for financial support. After completing tasks to earn income in the lab, participants are given the opportunity to apply for a transfer from a social fund earmarked for the lowest earners. We experimentally vary whether the application is public or private and whether the funds come from the experimenters or other participants. We find that making the application public reduces take-up by 31 percentage points. Adding peer funding leads to a further 10 percentage point drop. These effects are strongest when income is earned through effort instead of a lottery, and when both public visibility and peer funding are present. The findings are not driven by altruistic or redistributive preferences, but perspective taking makes participants more sensitive to the public application treatment. Our findings suggest that ensuring privacy in the application process helps increase access to income support programs.",http://www.sciencedirect.com/science/article/pii/S0047272726001246
Journal of Public Economics,2026,"Welfare debt relief: Impact on employment, benefit receipt, and mental health","Ernst-Jan de Bruijn, Heike Vethaak, Pierre Koning and Marike Knoef","Benefit overpayments are a common byproduct of benefit programs and often lead to substantial debts among individuals. Although effective repayment and debt-relief policies are a key policy concern, empirical evidence on their impact is still scarce. In this study, we investigate the impact of welfare debt relief on labor market and mental health outcomes among financially vulnerable individuals. We exploit an eligibility cutoff applied by a Dutch welfare office to identify causal effects, using an instrumented difference-in-difference and fuzzy regression discontinuity design. Using linked administrative data, our findings suggest that debt relief reduces the use of mental health medication by about 1.1 percentage points (13.9%), consistent with lower financial stress. We find no significant effects on employment, earnings, and welfare receipt for the full sample. However, employment increases among debtors with ex-ante severe debt positions. This indicates the initial presence of debt overhang problems with larger debts.",http://www.sciencedirect.com/science/article/pii/S0047272726001313
Journal of Public Economics,2026,Can electric vehicles aid the renewable transition? Evidence from a field experiment incentivizing midday charging,"Andrea La Nauze, Lana Friesen, Kai Li Lim, Flavio Menezes, Lionel Page, Thara Philip and Jake Whitehead","Electric vehicles are key to decarbonizing transportation, but, as batteries-on-wheels, they present novel challenges and opportunities for grids simultaneously transitioning to renewable energy. In a field experiment tracking 390 electric vehicles minute-by-minute, we show that time-based charging incentives dramatically shift not only when vehicles are charged, but also where. Incentives to increase charging during solar energy generation hours lead to a 34% rise in charging—mostly outside the home. Incentives to reduce peak time charging result in 17%—27% lower charging—mostly at home. Participants demonstrate multiple responses to incentives, including shifting time and location of charging, reducing charging by driving less, and lowering their battery state-of-charge. We find stronger midday charging responses for commuters and those with fast home chargers, and suggestive evidence that commuters increase use of workplace charging. Tariffs and charging infrastructure, therefore, need to be designed in tandem to manage the critical time and location imbalances brought about by the net-zero transition.",http://www.sciencedirect.com/science/article/pii/S0047272726001325
Journal of Public Economics,2026,The impact of third-party reporting on tax compliance: Evidence from gig workers,"Andrew Garin, Emilie Jackson, Dmitri Koustas and Alicia Miller","The rise of platform gig work in recent years has meant more workers have self-employment earnings, which are not subject to tax withholding but are generally covered by information reporting on 1099 returns. In 2017, many gig workers suddenly and unexpectedly stopped receiving a 1099 for their work activity, providing an opportunity to study the impact of third-party reporting on tax compliance for gig workers. We first exploit exogenous variation in receiving a 1099 information return using a border-county design around the state of Massachusetts where all workers continued to receive a 1099. We find no impact of receiving a 1099 on whether one files a tax return, but find that each dollar reported on a 1099-K increases self-reported profits by 17 cents. We then use the state-level filings to impute the size of the national online platform workforce in 2017 and 2018. We estimate that 770,000 gig workers did not receive information returns due to the change in third-party reporting practices by online platforms and that $560 million in profits went unreported on income tax filings as a result.",http://www.sciencedirect.com/science/article/pii/S0047272726001337
Journal of Public Economics,2026,Are elites meritocratic and efficiency-seeking? Evidence from MBA students,"Marcel Preuss, Germán Reyes, Jason Somerville and Joy Wu","Elites disproportionately influence policymaking, yet little is known about their fairness and efficiency preferences—key determinants of support for redistributive policies. We investigate these preferences in an incentivized lab experiment with future elites: Ivy League MBA students. We find that MBA students implement substantially more unequal earnings distributions than the average American, regardless of whether inequality stems from luck or merit. Their redistributive choices are also far more responsive to efficiency costs than the near-zero response found in representative U.S. samples. These patterns partly reflect distinct fairness ideals: a large share of MBA students falls outside standard classifications, instead displaying “weak meritocratic” tendencies that tolerate inequality even when it stems from luck. These findings identify a channel through which elite preferences may sustain U.S. inequality.",http://www.sciencedirect.com/science/article/pii/S0047272726001362
Journal of Public Economics,2026,Real-time inequality,"Thomas Blanchet, Léon Mouillet, Emmanuel Saez and Gabriel Zucman","This paper constructs monthly distributions of national income for the United States. We develop a methodology to disaggregate annual distributions and project monthly changes in a timely manner by combining high-frequency public data sources. This allows us to estimate growth by social groups as soon as quarterly macroeconomic growth numbers are released, and to track the distributional impacts of government policies during and in the aftermath of recessions in real time. We test and validate our methodology by implementing it retrospectively back to 1976. Estimates are available at https://realtimeinequality.org.",http://www.sciencedirect.com/science/article/pii/S0047272726001374
Journal of Public Economics,2026,Building opportunity: the intergenerational effects of Chilean school construction,Adrienne Lucas and Patrick McEwan,"In 1965–1966, Chile built and staffed thousands of new primary classrooms in supply-constrained communities. Using a quasi-experimental design and large census samples, we show that childhood exposure to school construction improved the schooling and labor market outcomes of adults and closed a persistent female disadvantage in school attainment. Women’s exposure to the policy had large intergenerational spillovers on their children’s on-time grade progression and completed schooling. The marginal value of public funds is 13, including direct effects on adults and intergenerational spillovers.",http://www.sciencedirect.com/science/article/pii/S0047272726001386
Journal of Public Economics,2026,Cash transfer at birth reduces criminal activity of fathers and children,Sakshi Bhardwaj,"This paper examines the impact of additional income provided to low-income families immediately after childbirth on criminal justice involvement. Using a regression discontinuity design, I exploit a policy that allows children born before year-end to be claimed as dependents for that tax year, thereby providing additional cash during the first year of parenthood. Using linked administrative data, I find that this extra income immediately reduces the likelihood of criminal charges and incarceration among first-time fathers, particularly for income-related offenses. In the long run, it also reduces juvenile justice involvement among their children.",http://www.sciencedirect.com/science/article/pii/S0047272726001398
Journal of Public Economics,2026,Equity and efficiency when needs differ,"Kristoffer Berg, Morten Haavarstein and Paolo G. Piacquadio","There is no consensus on how to measure social welfare and inequality when households have different needs. As we show, a dilemma emerges between holding households responsible for their needs or compensating them. This dilemma is of first-order importance for social welfare, but generally plays a minor role in the measurement of inequality. To address this impasse, we introduce partial compensation. Our axiomatic characterizations reveal novel families of welfare criteria and, with the extension to multidimensional commodity spaces, provide ready-to-use criteria for the analysis of redistributive policies.",http://www.sciencedirect.com/science/article/pii/S0047272726001404
Journal of Public Economics,2026,High-speed rail and China’s electric vehicle adoption miracle,"Hanming Fang, Ming Li, Long Wang and Yang Yang","Using China’s expansion of the high-speed rail system (HSR) as a quasi-natural experiment, we analyze comprehensive vehicle registration data from 2010 to 2023 to estimate the causal impact of HSR connectivity on the adoption of electric vehicles (EVs). Implementing several identification strategies, including staggered difference-in-differences (DID), Callaway and Sant’Anna (CS) DID, and two instrumental-variable approaches, we consistently find that, by alleviating range anxiety, the expansion of HSR can account for up to one third of the increase in EV market share and EV sales in China during our sample period, with effects particularly pronounced in cities served by faster HSR lines. The results remain robust when controlling for local industrial policies, charging infrastructure growth, supply-side factors, and economic development. We also find that HSR connectivity amplifies the effectiveness of charging infrastructure and consumer purchase subsidies in promoting EV adoption.",http://www.sciencedirect.com/science/article/pii/S0047272726001416
Journal of Public Economics,2026,Human capital consequences of expanding the supply of higher education institutions in a developing country,"Noemí Katzkowicz, Victor Lavy, Martina Querejeta and Tatiana Rosá","Limited post-secondary education infrastructure and opportunities partly explain low higher education attainment in developing countries. This paper estimates the effect of a program that expanded higher education by constructing numerous university campuses across Uruguay. Exploiting temporal and geographic variation in the program’s rollout, we use a dynamic two-way fixed-effects design and comprehensive administrative records to estimate the program’s causal impact. By reducing the distance to the nearest campus, the program increased university enrollment by 34 percent relative to baseline, with especially large gains among less-privileged, first-generation students. Spillovers extend up to 30 kilometers from new campuses, with effects concentrated among students from less-educated families, thereby reducing spatial inequality. We also find that university expansion increased secondary-school enrollment and completion, a relevant result given that low secondary school completion rates remain one of the main barriers to higher education. These improvements occurred without lowering tertiary completion rates. A cost-effectiveness analysis reveals substantial private and social returns, with costs comparable to those of a scholarship program, while reducing spatial inequalities. Overall, the findings suggest that place-based expansion of higher education can reduce spatial inequalities and foster intergenerational mobility in developing countries cost-effectively.",http://www.sciencedirect.com/science/article/pii/S0047272726001428
Journal of Public Economics,2026,The impact of international conflict on cross-border commercial dispute resolution,Dmitrii Shchetinin and Stanislav Avdeev,"International trade depends on the expectation that courts will protect commercial interests when disputes arise. With the growing number of international conflicts, it is crucial to know whether this expectation is met in practice. We examine the effect of the 2014 annexation of Crimea on the enforcement rate of foreign decisions by Russian and Ukrainian judges. We assemble novel data on the entire universe of Russian and Ukrainian court decisions concerning the enforcement of foreign decisions resolving cross-border commercial disputes. Using a difference-in-differences design, we find that the enforcement rate of Ukrainian (Russian) decisions in Russia (Ukraine) fell by 26% (33%) after the annexation. We show that courts increasingly justified refusals through discretionary legal grounds and undue-notification claims. Our findings provide the first causal evidence that international conflict affects both judicial decision-making and compliance with commercial treaties.",http://www.sciencedirect.com/science/article/pii/S0047272726001441
Journal of Public Economics,2026,Consumption stimulus with digital coupons: Heterogeneity and policy design,"Ying Chen, Mingyi Li, Jiaming Mao and Jingyi Zhou","We study consumption stimulus using digital coupons, which provide time-limited subsidies contingent on minimum spending. Analyzing a large-scale program in China, we find that the program generates large and heterogeneous short-term effects. Consumption responses vary across both consumers and locations, reflecting both demand-side and supply-side factors. This heterogeneity shapes the incidence of the program: high-response consumers tend to patronize larger businesses, leading to a regressive allocation of stimulus benefits. Through counterfactual analysis, we show that targeting rules can reshape both the size and distribution of stimulus effects. Targeting the most responsive consumers can more than double the aggregate stimulus, while a hybrid design that combines targeted distribution with direct support to small businesses improves both efficiency and equity.",http://www.sciencedirect.com/science/article/pii/S0047272726001453
Journal of Public Economics,2026,Consumption responses to a major minimum wage increase: Evidence from Spain,"Ignacio González, Hector Sala and Pedro Trivin","This paper examines the effects of minimum wage increases on household consumption, focusing on Spain’s 2019 reform, which raised the wage floor by an unprecedented 22.3 percent in a low-inflation environment. Using high-frequency confidential card-based transaction data, we exploit geographic variation in exposure to the reform. We find that municipalities more exposed to the reform increased consumption by 4.5 percent relative to less-exposed municipalities, with the largest gains concentrated in categories such as electronics, leisure, and spending at restaurants and hotels. We complement this analysis with household-level evidence from the Spanish Household Budget Survey. Consistent with the transaction data, affected households increased their consumption substantially—by 10.2 percent—and exhibited a marginal propensity to consume of 0.8, with spending gains also concentrated in discretionary categories. Combining evidence from both sources, our findings are suggestive of sizable local demand spillovers. Firm-level sectoral evidence further suggests that the costs of the reform were primarily absorbed through the exit of less productive firms rather than through broad employment or price adjustments.",http://www.sciencedirect.com/science/article/pii/S0047272726001465
Journal of Public Economics,2026,Depression stigma,"Christopher Roth, Peter Schwardmann and Egon Tripodi","People with mental illness are frequently discriminated against and stigmatized. We introduce a new measure of perceived depression stigma and examine the causal effect of perceived stigma on help-seeking in a sample of 1844 Americans suffering from depression. We document that a large majority of our participants overestimate the extent of stigma associated with depression. An informational intervention aimed at reducing perceived social stigma decreases the demand for psychotherapy. Merely prompting individuals to think about stigma has a similar effect. A mechanism experiment reveals that our interventions increase both participants’ optimism about future mental health and their readiness to rely on friends and family, thereby reducing the perceived need for therapy.",http://www.sciencedirect.com/science/article/pii/S0047272726001490
Journal of Public Economics,2026,Two-faced on facebook: Ad tailoring in U.S. house campaigns,Sarah Waldfogel,"Congressional candidates simultaneously seek votes from local residents and money from partisan potential donors who live across the United States. Ad targeting allows political candidates an inexpensive way not only to reach this dispersed partisan audience but also to deliver messages tailored to donors, whose preferences are more extreme than voters’. Using data on geographically-targeted Facebook ads, I find that the national ads of Democratic and Republican candidates have less issue overlap — and are more extreme — than their local, voter-targeted ads. Candidates’ ability to direct tailored, extreme communication to receptive audiences via targeted ads facilitates divergent political speech.",http://www.sciencedirect.com/science/article/pii/S0047272726000861
Journal of Public Economics,2026,The employment effects of disability benefit reassessment,"Anikó Bíró, Cecília Hornok, Judit Krekó, Daniel Prinz and Ágota Scharle","We study the consequences of a large-scale reassessment of the health and working capacity of disability insurance beneficiaries in Hungary. Leveraging birthday and health cutoffs in the reassessment, we estimate employment responses to the threat of disability benefit loss and the actual termination or reduction of benefits. We show that due to the threat of benefit removal, many beneficiaries stopped working after the reassessment was announced but before it took place. Another group of beneficiaries lost their benefits and increased their labor supply significantly. Overall, the reassessment had a negative short-term and neutral medium-term impact on employment and earnings. Our results suggest that unintended responses to the threat of benefit loss operate as a substitution effect that can reduce labor supply even without binding formal earnings limits, and thus should be considered in the design of reassessments.",http://www.sciencedirect.com/science/article/pii/S0047272726000885
Journal of Public Economics,2026,Rate of return regulation revisited,Karl Dunkle Werner and Stephen Jarvis,"Utility companies recover their capital costs through regulator-approved rates of return. Using a comprehensive database of utility rate cases, we find a significant premium for regulated returns on equity relative to several capital cost benchmarks. We show that firms decide strategically when to initiate new rate cases, such that regulated returns respond more quickly to increases in underlying capital cost benchmarks than to decreases. Higher regulated returns incentivize utilities to own more capital: a one percentage point rise in return on equity corresponds to an increase in capital assets of 2%–4%. Overall we find excess costs to U.S. consumers averaging $7 billion per year.",http://www.sciencedirect.com/science/article/pii/S0047272726000903
Journal of Public Economics,2026,Using price incentives to bound welfare from pay as you go solar electricity,Megan Lang,"Quantifying the welfare effects of rural electrification is often hindered by non-price barriers that depress demand at the adoption margin. I study demand for pay-as-you-go (PAYGo) solar using a randomized experiment with 800 existing PAYGo customers in Kenya and Rwanda post-adoption. The experiment randomly assigns incentives that lower the effective price of usage for consumers who meet monthly purchase thresholds. Although average demand is unchanged, consumers with the highest pre-experimental demand increase their purchases by 6–7% in response to the incentive. I use these responses to estimate a lower bound on consumer surplus from PAYGo solar. I find large gains for high-demand consumers, but benefits deteriorate substantially for low-demand consumers. Combining my estimates with evidence from the literature on the environmental externalities of solar home systems, I calculate that the marginal value of public funds for PAYGo solar subsidies is at most 1.7 in Kenya and 2 in Rwanda.",http://www.sciencedirect.com/science/article/pii/S0047272726000927
Journal of Public Economics,2026,What did we learn from the North American Income Maintenance Experiments? New data and evidence on two-parent families,Chris Riddell and W. Craig Riddell,"We re-assess the consequences of a NIT for two-parent families in the Income Maintenance Experiments. The Gary and Seattle experiments fail balancing tests. We reject the contentious finding that the NIT increased marital separations in Seattle-Denver, which is driven solely by the contaminated Seattle experiment. Moreover, using newly collected data from archival records, we estimate substantial increases in happiness, marital satisfaction, household production, and social activities in Winnipeg. Finally, in New Jersey, Denver and Winnipeg we estimate far greater labor supply responses than previous estimates, with remarkable consistency in point estimates and statistical significance across experiments and countries.",http://www.sciencedirect.com/science/article/pii/S0047272726000940
Journal of Public Economics,2026,The effect of emergency financial assistance on employment and earnings,"Daniel Hungerman, David Phillips, Kevin Rinz and James Sullivan","We examine the labor supply effects of short-term income transfers for families experiencing a housing crisis. We link callers to an emergency assistance homelessness prevention hotline to their federal tax records and measure their earnings in the years surrounding their calls. Our methodology exploits quasi-random variation in the availability of assistance to compare similar families receiving and not receiving funds. Looking up to four years post-assistance, we find evidence, especially for the lowest earners, of earnings gains, and overall we find no evidence that assistance lowers earnings. Our results indicate that any income effect of temporary transfers for those in crisis is minimal and that these targeted transfers may convey labor market benefits for the poorest of the poor.",http://www.sciencedirect.com/science/article/pii/S0047272726000952
Journal of Public Economics,2026,Supercompliers,"Matthew L. Comey, Amanda R. Eng, Pauline Leung and Zhuan Pei","In an instrumental variable framework, we define supercompliers as the subpopulation whose treatment take-up positively responds to eligibility and whose outcome positively responds to take-up. Supercompliers are the only subpopulation to benefit from treatment eligibility and, hence, are important for policy evaluation. We propose conditions for characterizing supercompliers, and show how estimation and inference can be conducted with instrumental variable regression. In two job training experiments, we demonstrate our machinery’s utility, particularly in incorporating social welfare weights into marginal value of public funds analyses.",http://www.sciencedirect.com/science/article/pii/S0047272726000964
Journal of Public Economics,2026,Legal representation in disability claims,"Hilary Hoynes, Nicole Maestas and Alexander Strand","Legal representatives play a prominent role in the Social Security Disability Insurance (SSDI) adjudication process, earning fees totaling $1.2 billion in 2019. Long ubiquitous in appellate hearings, legal representation has begun appearing more frequently at the beginning of cases, during the initial review. Using novel administrative data, we provide the first causal estimates of the impact of legal representation on SSDI case outcomes when representatives are engaged from the initial stage. To address selection into representation, we instrument for initial representation using geographic and temporal variation in the lagged share of appellate cases handled by private law firms (as opposed to public interest organizations or family). Among applicants on the margin, initial representation increases the probability of an initial award by 24 percentage points and reduces time to final decision by nearly a year. The increased awards are for applicants with the most severe, automatically qualifying conditions, indicating that representatives bring needed technical expertise to the initial filing. However, representation at the initial level reduces the probability that the case is ever appealed by 38 points, with two-thirds of this reduction coming from increases in initial allowances and one-third from fewer appeals following initial denials. We show that the benefits of initial representation are concentrated among people with mental diagnoses, while those with musculoskeletal diagnoses do not benefit. Our results suggest that representation leads to a reduction in application burdens and may improve target efficiency.",http://www.sciencedirect.com/science/article/pii/S0047272726000976
Journal of Public Economics,2026,A model of China’s economic vertical structure,"Xi Li, Xuewen Liu, Zhikun Lu and Yong Wang","We document a prominent yet underappreciated feature of the post-2000 Chinese economy: a vertical structure in which key upstream industries are dominated by state-owned enterprises (SOEs), while downstream industries are largely open to private competition. We develop a general-equilibrium model to analyze how this vertical structure—interacting with industrialization, globalization, and labor abundance—has shaped the Chinese economy. The framework offers new insights into SOE profitability, structural change, resource misallocation, and economic reform. First, upstream SOEs become more profitable as downstream private firms raise their productivity and face greater external demand during industrialization and globalization, helping explain the unprecedented prosperity of SOEs between 2002 and 2007. Second, reducing upstream market power would facilitate labor reallocation from agriculture to non-agricultural sectors, raising GDP and aggregate welfare. Third, preferential credit subsidies to SOEs can improve welfare by alleviating upstream under-supply; consequently, removing these subsidies without dismantling SOE monopoly power could reduce welfare. Quantitative analyses using firm-level data support the theoretical findings. We further show that this vertical structure can arise endogenously as an equilibrium outcome.",http://www.sciencedirect.com/science/article/pii/S0047272726000988
Journal of Public Economics,2026,How do bureaucrats respond to hybrid incentive contract? Evidence from China’s air pollution controls,"Guangyu Cao, Xi Weng, Mingwei Xu and Li-An Zhou","This paper investigates how local bureaucrats in China respond to minimum targets for air pollution control, which are part of a hybrid incentive contract that simultaneously specifies high-powered incentives for economic growth. Using a novel prefecture-day level dataset on air quality and applying a Regression Discontinuity Design, we find strong evidence that air quality tends to improve when the air quality target is doomed to fail, but deteriorates significantly once early fulfillment of the target is secured. We develop a theoretical model to rationalize these findings and highlight the role of uncertainty faced by local bureaucrats in shaping their responses. Further analyses explore how local economic pressure, the punishment loss for failing to meet the target, regional differences, and political turnovers affect bureaucratic strategic behavior after the target completion status becomes known. This study sheds light on how hybrid incentive contracts function in a multitasking context.",http://www.sciencedirect.com/science/article/pii/S0047272726001003
Journal of Public Economics,2026,From housing gains to pension losses: Micro-macro integration to reveal wealth inequality dynamics in Chile,"Bastián Castro Nofal, Ignacio Flores and Pablo Gutiérrez Cubillos","This paper examines the levels and dynamics of wealth inequality in Chile between 2007 and 2021, in a context where the private pension system is mandatory and government housing policies are centered on private ownership. We focus on two major macroeconomic events: the sharp increase in housing prices following the introduction of a value-added tax on new dwellings in 2016 and the large-scale liquidation of pension assets through early withdrawals during the recent pandemic. To do so, we construct a micro–macro consistent wealth distribution by extending existing methodologies to integrate administrative pension fund balances into household wealth surveys using machine learning techniques. Our results reveal pronounced wealth concentration: the top 1% hold roughly one-third of total private wealth—levels comparable to those observed in the United States—driven by their disproportionate ownership of financial assets. By contrast, the bottom 50% hold 7–9%, primarily through housing and pension assets, shares that exceed those reported in most European countries. We also document a modest decline in wealth inequality over the period, particularly after 2016. A counterfactual analysis suggests that this decline reflects the interaction of two opposing forces: housing appreciation, which predominantly benefited the bottom 90% of households, and pension withdrawals, which reduced wealth across the distribution while relatively increasing inequality. Our findings on levels, trends, and counterfactuals are robust across alternative methodological specifications.",http://www.sciencedirect.com/science/article/pii/S0047272726001015
Journal of Public Economics,2026,"Ballots, budgets and bricks: Brexit and the polarisation of individual economic behaviours","Pei Kuang, Davide Luca and Zhiwu Wei","Does political polarisation influence actual economic behaviours? Using British nationally representative surveys and administrative data, we document how the Brexit referendum triggered stark divergences in individual micro and macro expectations between Leave and Remain supporters. Compared to existing research, we show how these polarising effects were driven by a specific policy issue and only marginally related to traditional partisan identities. We also demonstrate how these diverging beliefs influenced major real financial decisions. Leavers became more likely to purchase durable goods and engage in housing transactions, and areas with higher proportions of Leave voters experienced increased housing transaction volumes and rising prices.",http://www.sciencedirect.com/science/article/pii/S0047272726001027
Journal of Public Economics,2026,Gender equality through turnover: Quasi-experimental evidence from term limit reforms in Italy,Carolina Kansikas and Manuel Bagues,"We study whether term limits can accelerate women’s access to top political positions by analyzing two reforms in Italian local elections that extended mayoral term limits from two to three five-year terms. In a period marked by rapid growth in women’s political participation, the first reform affected municipalities with fewer than 3000 inhabitants in 2014, and the second those below 5000 in 2022. Using a difference-in-discontinuities design, we find that longer term limits restrict opportunities for early-career politicians, with substantial effects on female representation: the share of female mayors would be 8 percentage points higher without the term limit extensions. The impact is larger in municipalities with more women in lower political positions and where gender quotas for council members are present, suggesting that entry-level quotas can be more effective when paired with policies promoting turnover in top positions.",http://www.sciencedirect.com/science/article/pii/S0047272726001039
Journal of Public Economics,2026,National content and local political consequences: Evidence from public and private television,Mathias Bühler and Andrew Dickens,"We examine the impact of public versus private television content on political engagement and accountability during the initial rollout of Canada’s television network in the early 1950s. A policy prohibiting market competition restricted districts to receiving either public or private programming, but never both. While both station types aired the public broadcaster’s national service, private stations bundled this content with local news. We find that exposure to the public broadcaster reduced voter turnout by 2.1 percentage points relative to districts without television, while engagement in private television districts remained indistinguishable from pre-television levels. This lack of engagement weakened re-election incentives and increased the incumbency advantage. Consequently, incumbents in public districts spoke less about their constituencies in parliament and demonstrated greater party loyalty in roll-call votes—results consistent with a significant reduction in political accountability.",http://www.sciencedirect.com/science/article/pii/S0047272726001040
Journal of Public Economics,2026,Distributional tax analysis in theory and practice: Harberger meets Diamond-Mirrlees,Emmanuel Saez and Gabriel Zucman,"This paper proposes a new framework to study the distribution of current taxes and the effects of tax reforms. For current taxes, labor taxes are assigned to the corresponding workers, capital taxes to the corresponding asset owners, and consumption taxes to the corresponding consumers. Current taxes capture the wedges between pre-tax prices (relevant for production) and after-tax prices (relevant for the work, saving, and consumption decisions of households) as well as the direct equity effects of taxes while being silent about efficiency. Our method does not require structural assumptions, is internally consistent, and maximizes the comparability of tax progressivity and inequality over time and across countries. Applying this methodology to the United States, we find that the effective tax rate of the top 1% has declined from about 50% in the early 1950s to 32% in 2021. It is through the corporate tax that a high degree of tax progressivity was achieved in the middle of the 20th century. To analyze the distributional effects of tax reforms, mechanical changes in tax liability by income groups and aggregate revenue effects due to household (but not firms’) behavioral responses are sufficient statistics in the neoclassical optimal tax model of Diamond and Mirrlees (1971). The effects of taxes on pre-tax prices at the heart of classical tax incidence analysis are normatively irrelevant.",http://www.sciencedirect.com/science/article/pii/S0047272726001118
Journal of Public Economics,2026,The (fiscal) dividend of infrastructure: Roads and revenues in Rwanda,"Abdou Musonera, Aimable Nsabimana and Daniel Overbeck","This paper shows that infrastructure investments enhance local tax outcomes. Drawing on a novel dataset combining information on the location and timing of all road upgrades in Rwanda with 12 years of administrative tax and census records, we estimate large and significant increases in tax revenues in municipalities near upgraded roads. These effects are driven by firm entry as well as land value appreciation, captured through taxes on rental income at the local level. Finally, we show that while the additional revenues do not fully recover the central government’s initial investment, local municipalities’ revenues more than double within five years following the upgrades.",http://www.sciencedirect.com/science/article/pii/S004727272600112X
Journal of Public Economics,2026,Formalizing microentrepreneurs through targeted tax systems: Evidence from Brazil,Alison Farias and Roberto Hsu Rocha,"We study the effects of reducing formalization costs by exploiting the introduction of a simplified tax regime for microentrepreneurs in Brazil. Using novel administrative data and industry-level eligibility criteria, we show that a large reduction in entry and compliance costs significantly increased formal firm creation. Despite the increase in formalization, newly formal firms exhibit no growth or earnings gains. We then evaluate the new tax system’s fiscal consequences, showing that the expansion in social security coverage generated costs that exceed the additional tax revenue collected by 2.56 times. These costs arise as microentrepreneurs gain access to subsidized contributory benefits after registering through the system, highlighting the broader social value of bringing microentrepreneurs into the formal sector even in the absence of positive government net revenue or improvements in firm performance.",http://www.sciencedirect.com/science/article/pii/S0047272726001131
Journal of Public Economics,2026,Choosing (not) to choose: Uncovering intrinsic preferences for choice autonomy,"Jana Freundt, Holger Herz and Leander Kopp","Personal autonomy has been argued to be fundamental to well-being and is often discussed as an important driver of economic and political behavior. However, preferences for autonomy remain poorly understood. We propose a novel elicitation method for an individual’s intrinsic preference for choice autonomy that fully controls for instrumental value benefits of choice. We show that, while a majority of subjects in our experiment display a preference for choice autonomy, a significant minority is averse to their own choice.",http://www.sciencedirect.com/science/article/pii/S0047272726001179
Journal of Public Economics,2026,Drain the swamp: A theory of anti-elite populism,Gabriele Gratton and Barton Lee,"We study a model of popular demand for anti-elite populist reforms that drain the swamp: replace experienced public servants with novices who will only acquire experience with time. Voters benefit from experienced public servants because they are more effective at delivering public goods and more competent at detecting emergency threats. However, public servants’ policy preferences do not always align with those of voters. This tradeoff produces two key forces in our model: public servants’ incompetence spurs disagreement between them and voters, and their effectiveness grants them more power to dictate policy. Both of these effects fuel mistrust between voters and public servants, sometimes inducing voters to drain the swamp in cycles of anti-elite populism. We study which factors can sustain a responsive democracy or induce a technocracy. When populism arises, we discuss which reforms may reduce the frequency of populist cycles, including the recruitment of public servants and isolating them from politics. Our results support the view that a more inclusive and representative bureaucracy protects against anti-elite populism.",http://www.sciencedirect.com/science/article/pii/S0047272726001180
Journal of Public Economics,2026,A quantitative urban model for transport appraisal,Daniel Hörcher and Daniel J. Graham,"Transport cost-benefit analysis (CBA) has evolved since its inception to become one of the most influential and ubiquitous applications of microeconomic theory, shaping billions of dollars of investment in the infrastructure sector. A key limitation of transport appraisal practice is its reliance on partial equilibrium (PE) models, which restricts the ability to quantify potentially transformative impacts outside the transport market. In this paper, we build on the principles of quantitative spatial economics and design an appraisal method that integrates the causal estimation of key parameters into an invertible spatial general equilibrium (SGE) model. Our specification yields travel time valuations that are micro-founded through an explicit leisure–labour trade-off, making them unique to each residence–workplace pair. We decompose the aggregate welfare change in SGE into direct user benefits and wider economic impacts, quantify the statistical uncertainty surrounding each welfare component, and compare the welfare estimates in SGE with those of the mainstream PE method. As a case study, we replicate Greater London with 983 spatial units. We find that the welfare result in SGE is similar in magnitude to the PE CBA outcome in the case of the Elizabeth Line, a major urban rail project. For a series of randomly simulated transport improvements, the two approaches scale proportionately, but the occasional project-specific deviations can be substantial. The paper illustrates that the SGE approach complements aggregate welfare estimates with a detailed spatial pattern of local economic outcomes and is well suited to assessing transport and land-use policies simultaneously.",http://www.sciencedirect.com/science/article/pii/S0047272726001192
Journal of Public Economics,2026,The unintended consequences of accountability: Quasi-experimental evidence from policing in Pakistan,"Hamna Ahmed, Dareen Haider and Kate Vyborny","We investigate data manipulation in the principal-agent relationship using administrative microdata from the police in Pakistan. We find that police are less likely to register citizens’ crime reports in areas where political accountability pressure is higher because the governing party holds a particular constituency. We report a series of tests to rule out the possibility that this result is explained by increased crime prevention. The results are consistent with officials deciding not to register some reports, under pressure to keep crime statistics low. As a new crime reports tracking database is rolled out, improving observability, the number of registered crimes increases.",http://www.sciencedirect.com/science/article/pii/S0047272726000502
Journal of Public Economics,2026,Access to credit reduces the value of insurance,"Sonia Jaffe, Anup Malani and Julian Reif","We study how access to credit markets affects the value of insurance. Loans allow consumers to smooth financial shocks over time, reducing the incremental benefits provided by insurance. We derive tractable formulas for the value of insurance that can be taken to data and show how that value varies with loan features. We then apply our framework to health insurance. Access to a five-year loan decreases the values of community- and experience-rated health insurance for the average two-person household by $232–$366 (58–61%). Even for the sickest decile, loan access reduces the value of community-rated insurance by $1099 (17%). Our results suggest that greater credit availability can serve as a substitute for health insurance.",http://www.sciencedirect.com/science/article/pii/S0047272726000691
Journal of Public Economics,2026,Taxation and business entry: Evidence from the Polish self-employment “Flat” tax,Justyna Klejdysz and Tom Zawisza,"How does the tax treatment of entrepreneurial activity affect the decision to start a business? We study this question in the context of a major tax reform in Poland that introduced a flat tax for business owners, leaving the taxation of employees unchanged. Using a difference-in-differences approach and data on the universe of Polish taxpayers, we find that a 1 percentage point increase in the tax differential at the top of the income distribution leads to a 0.9% increase in the share of self-employed five years after the reform. The increase is primarily driven by transitions from employment to self-employment, in particular, solo self-employment (self-employment without dependent workers). Moreover, the transitions occur in industries with a high human-capital component. Altogether, we find that high-income taxpayers respond strongly to the increased attractiveness of self-employment by starting a business, that such behavior shows considerable persistence, that it accumulates over time, and much of it is likely to reflect income reclassification rather than genuine entrepreneurial activity.",http://www.sciencedirect.com/science/article/pii/S0047272726000769
Journal of Public Economics,2026,Better late than never? Quantifying funding and liquidity effects of the PPP on pandemic-era employment recovery,"Olga Gorbachev, Maria J. Luengo-Prado and J.Christina Wang","This paper examines how the Paycheck Protection Program (PPP) supported employment during the COVID-19 period by distinguishing between its short-term liquidity and broader funding effects. Using county-level data, we show that delays in loan disbursement had prolonged negative impacts only on the smallest urban businesses. To identify the causal impact of funding itself, we develop an instrument based on the pre-pandemic payroll share in small establishments. Instrumental-variable and firm-level analyses reveal that PPP funding improved business survival and employment recovery substantially and broadly, with an estimated cost of roughly $89,000 per job-year, consistent with other large-scale fiscal interventions.",http://www.sciencedirect.com/science/article/pii/S0047272726000770
Journal of Public Economics,2026,Intertemporal substitution in response to non-linear health insurance contracts,Katlyn Hettinger,I explore how non-linear health insurance contracts allow consumers to substitute healthcare in one period for healthcare in another period by increasing consumption in the year the annual deductible was met and decreasing future consumption. I exploit variation in the timing of an injury that generates significant healthcare expenses to identify the causal effect of meeting the deductible on healthcare consumption in the following year. Estimates indicate that there is intertemporal substitution across years in healthcare consumption and that consumers are able to strategically respond to non-linear pricing schemes to undermine the potential savings from deductible plans.,http://www.sciencedirect.com/science/article/pii/S0047272726000782
Journal of Public Economics,2026,Identifying tax-setting responses from local fiscal policy programs,"Georg U. Thunecke, Valeria Merlo, Andreas Schanbacher and Georg Wamser","This paper provides event-study evidence on the dynamics of strategic tax-policy interactions. Using the participation of German municipalities in state debt reduction programs as a quasi-exogenous shock, we demonstrate how these programs affect tax rates of participating municipalities. We then illustrate how competing municipalities – not directly affected by the program – adjust their tax rates in response. Combining both steps using a two-sample Wald estimator, the strategic response of competitors to a one-unit tax change by program participants ranges from 0.66 to 0.70 for the local business tax and 0.34 to 0.49 for the property tax. Characteristics of municipalities, especially proximity, influence the size and scope of tax interdependence.",http://www.sciencedirect.com/science/article/pii/S0047272726000794
Journal of Public Economics,2026,Can early public childcare reduce child penalties? Evidence from Germany,Lisa-Marie Duletzki and Nayeon Lim,"This paper studies the effects of public childcare expansion for children under age three in Germany on mothers’ child penalties. Exploiting county-level variation in the expansion, we find that a 20-percentage-point increase in childcare coverage rate reduces earnings penalties by 4.5 percentage points. This accounts for about 56% of the total 8-percentage-point decline in earnings penalties over the reform period. Early childcare increases employment and days worked, especially in full-time and non-marginal positions. It also raises daily wages and increases the likelihood that mothers work in higher-paying firms and occupations. These effects persist beyond the early childcare eligibility period. We further identify two key contextual factors explaining the positive effects of early childcare: the initial level of child penalties and reliance on informal care. In settings with high child penalties and limited alternatives, early public childcare can yield substantial lasting benefits for mothers’ careers.",http://www.sciencedirect.com/science/article/pii/S0047272726000873
Journal of Public Economics,2026,The compliance effects of the automatic exchange of information: Evidence from the Swiss tax amnesty,Enea Baselgia,"This paper studies the effects of the 2017 multilateral automatic exchange of information (AEoI) on tax compliance in Switzerland. Using detailed administrative tax data and difference-in-differences designs, I document large and persistent compliance gains. The AEoI triggered around 107,000 taxpayers (about 2% of all) to enter Switzerland’s tax amnesty, disclosing CHF 37.6 billion of previously hidden wealth (over 5.5% of GDP). At the micro level, once they enter the amnesty, participants increase reported wealth by roughly 50% on average, with effects sustained in the medium run. Finally, the evidence indicates that tax evasion in Switzerland is widespread and comparatively more evenly distributed across the wealth distribution than in other countries.",http://www.sciencedirect.com/science/article/pii/S0047272726000897
Journal of Public Economics,2026,Almost fare free: Impact of a cheap public transport ticket on mobility patterns and train delays,"Mario Liebensteiner, Jakob Losert, Sarah Necker, Florian Neumeier, Jörg Paetzold and Sebastian Wichert","During June–August 2022, Germany temporarily reduced the fare of unlimited local and regional public transport nationwide to €9 per month. We study changes in mobility behavior and rail congestion effects induced by this 9-Euro Ticket. We employ difference-in-differences and event-study designs to analyze data from mobile-network devices, administrative traffic counts from road monitoring stations, and train arrival data. We find a strong increase in rail travel with modest substitution away from cars. Train trips rise by around 35%, while car traffic falls by 1–5%, with the smallest traffic reductions during commuting times and the largest increases in rail travel for leisure purposes on weekends and to touristic destinations. Moreover, the train demand surge materially worsens service quality via elevated train delays, which even spill over to long-distance trains. A welfare analysis suggests that the policy mostly acted as a cost-of-living transfer with limited emissions benefits, implying high implicit CO2 government abatement costs. Overall, our findings indicate that deeply discounted, nationwide “go-anywhere” tickets can substantially increase railway travel, yet generate limited car-to-rail substitution and strain service reliability when implemented without accompanying capacity extensions.During June–August 2022, Germany temporarily reduced the fare of unlimited local and regional public transport nationwide to €9 per month. We study changes in mobility behavior and rail congestion effects induced by this 9-Euro Ticket. We employ difference-in-differences and event-study designs to travel data from mobile-network devices, administrative traffic counts from road monitoring stations, and train arrival data. We find a strong increase in rail travel with modest substitution away from cars. Train trips rise by around 35%, while car traffic falls by 1–5%, with the smallest traffic reductions during commuting times and the largest increases in rail travel for leisure purposes on weekends and to touristic destinations. Moreover, the train demand surge materially worsens service quality via elevated train delays, which even spill over to long-distance trains. A welfare analysis suggests that the policy mostly acted as a cost-of-living transfer with limited emissions benefits, implying high implicit CO2 government abatement costs. Overall, our findings indicate that deeply discounted, nationwide “go-anywhere” tickets can substantially increase railway travel, yet generate limited car-to-rail substitution and strain service reliability when implemented without accompanying capacity extensions.",http://www.sciencedirect.com/science/article/pii/S0047272726000915
Journal of Public Economics,2026,Transfer price documentation rules and multinational firm behavior – Evidence from France,"Sabine Laudage Teles, Nadine Riedel, Katharina Schmidt, Kristina Strohmaier, Johannes Voget and Sophia Wickel","In recent years, a growing number of countries have enacted tax rules that require multinational enterprises (MNEs) to document their intra-firm trade prices and demonstrate that they are set as in third-party trade. The objective of these rules is to limit opportunities for strategic trade mis-pricing and profit shifting to lower-tax affiliates. In this paper, we study the regulations’ fiscal and real effects. The testing ground is the introduction of transfer pricing (TP) documentation rules in France in 2010. Drawing on rich firm-level data, we show that affected MNEs reduced their outward profit shifting from France, while simultaneously lowering real investments in the country. Outside of France, treated MNEs decreased their real economic activity at low-tax (but not at high-tax) group locations.",http://www.sciencedirect.com/science/article/pii/S0047272726000010
Journal of Public Economics,2026,"Television, health, and happiness: A natural experiment in West Germany",Adrian Chadi and Manuel Hoffmann,"While watching television is one of the most time-consuming human activities, its potential negative effects on well-being are discussed in the literature as a prime example of irrational behavior. We are the first to comprehensively address this possible paradox by exploiting a novel setting in the research on the effects of television for society: a natural experiment in the late 1980s where people in a few geographically restricted areas of West Germany received commercial TV via terrestrial frequencies. Rich panel data combined with precisely calculated frequency signals allow us to determine how regional availability of commercial TV affects time-use, before investigating the implications for individual well-being over time. Contrary to previous research, we find no evidence of negative health impacts when TV consumption increases. For life satisfaction, we even find a positive effect, which is robust across various sensitivity analyses and subgroups of TV viewers. By also considering evidence from expenditure data and from our own separately conducted surveys, we discuss the external validity of our findings as well as possible mechanisms and conclude that correlational evidence on the well-being effects of TV viewing could be driven by negative self-selection.",http://www.sciencedirect.com/science/article/pii/S0047272726000368
Journal of Public Economics,2026,Is the bar higher for female scholars? Evidence from career steps in economics,Niels Johannesen and Simon Muchardt,"Do gender disparities in academia reflect that female scholars are held to higher standards than males? We address this question by comparing the academic achievements of male and female scholars in economics who make the same career step. Across four domains—faculty appointments, network invitations, grant awards and editor appointments—we find no evidence that standards are higher for females. By contrast, the average female has fewer citations and publications than the average male who makes the same career step. In most domains, this reflects a gender gap for “marginal” scholars, consistent with a lower bar for females.",http://www.sciencedirect.com/science/article/pii/S0047272726000472
Journal of Public Economics,2026,Does $1 matter? Health care demand response to a small copayment,Yunji Choi,"This paper explores how health care demand responds to a copayment as small as $1. Medical Benefit (MB) is a health insurance plan provided to the low-income group. I exploit a setting where a copayment of $1 was introduced only to a portion of the MB enrollees who previously received free care. The price of $1 reduced monthly outpatient visits by 10 percent. While I find a reduction in low-value care, such as the inappropriate use of antibiotics, I find a negligible effect on high-value care, such as medication adherence for patients with chronic illnesses. The findings suggest that a small copayment can help mitigate potential moral hazard risk while not forgoing access to essential care.",http://www.sciencedirect.com/science/article/pii/S0047272726000484
Journal of Public Economics,2026,Fiscal consequences of corporate tax avoidance,"Katarzyna Bilicka, Evgeniya Dubinina and Petr Janský","Multinational corporations (MNCs) shift a large share of their profits to tax havens and, due to this corporate tax avoidance, governments lose a portion of their tax revenue. In this paper, we study the consequences of multinational tax avoidance on the local governments’ tax revenues. We use financial firm-level data on the location and profits of firms operating in Germany combined with German municipal data to analyze how changes in municipal local business tax (LBT) rates affect MNC profits and LBT revenues in affected municipalities. Following an increase in the LBT rate, we find that firms that belong to more aggressive MNCs reduce profits and tax liability reported in affected municipalities. Consequently, municipalities with high exposure to aggressive multinationals experience a significant decline in LBT revenues relative to less exposed municipalities, which in some cases also affects their overall tax revenues. We then investigate potential explanations.11We thank Zareh Asatryan, Thomas Brosy, Ron Davies, Iftekhar Hasan, Katrine Jakobsen, Wojciech Kopczuk, Andreas Peichel, the seminar audience at the University of Michigan, and participants of the ZEW Public Finance Conference, the UNU-WIDER GRD Workshop, the Young Economists’ Seminar & the Dubrovnik Economic Conference, the Annual Congress of IIPF, the EEA-ESEM Congress, the Mannheim Taxation Conference, Oxford Doctoral Conference, the World Bank Tax Conference on Global Tax Equity, Zurich Conference, and Southern Economic Association for their helpful comments. We thank František Kosař for excellent research assistance. This research is supported by the UNU-WIDER’s Domestic Revenue Mobilization program and Economics Cooperation Program at Charles University. Petr Janský acknowledges support from the Czech Science Foundation (MINITAX, 25-15237X). Evgeniya Dubinina acknowledges support from the Czech Science Foundation (CORPTAX, 21-05547M), the Horizon Europe project ‘DemoTrans’ (grant 101059288) and the Charles University Grant Agency (grant 130122).",http://www.sciencedirect.com/science/article/pii/S0047272726000496
Journal of Public Economics,2026,Cronies in the courtroom: Political interference and judicial reforms,"Hongbin Cai, Heng Chen, Yuyu Chen and Sisi Zhang","Utilizing 1.54 million judicial judgments from enterprise-to-enterprise litigation between 2014 and 2019 in China, we provide evidence of municipal leaders exerting influence over the courts to favor enterprises connected to them. By leveraging variations in enterprise connections resulting from official turnover, we show that enterprises with connections to party leaders have higher chances of winning in business litigation than unconnected enterprises. We also examine the impact of the staggered roll-out of circuit courts, a top-down institutional reform, on cronyism in the courtroom. Our findings show that this reform has effectively reduced the judicial advantage enjoyed by connected enterprises by two-thirds. By contrast, the trial live-broadcasting reform increases visibility but is not associated with a reduction in the effect of political connections, suggesting that different forms of judicial bias require different monitoring approaches.",http://www.sciencedirect.com/science/article/pii/S0047272726000514
Journal of Public Economics,2026,"Local information, mismatch, and the cost of randomization in regulatory enforcement","Yile Xiao, Mengdi Liu, Miaomiao Liu and Bing Zhang","Randomized inspections have been introduced to curb collusion and enhance procedural integrity. In China, randomized environmental inspections run alongside routine inspections that preserve local discretion, creating a quasi-experimental setting to assess their causal difference in detecting violations. Using over 160,000 inspection records, we find randomized inspections reduce regulatory effectiveness in detecting violations relative to routine inspections, identifying 32% fewer environmental problems and 88% fewer violations. This stems from weaker targeting of high-risk firms and a mismatch between inspector expertise and firm-specific contexts, which also limits deterrence of future violations. These findings highlight the trade-off between constraining discretion and preserving local expertise in regulatory design.",http://www.sciencedirect.com/science/article/pii/S0047272726000526
Journal of Public Economics,2026,How do holistic wrap-around anti-poverty programs affect employment and individualized outcomes?,"Javier Espinosa, William N. Evans, David Phillips and Timothy Spilde","A new wave of social service programs aims to build a pathway out of poverty by helping clients define their own goals and then supporting them flexibly and intensively over multiple years to meet those goals. We conduct a randomized controlled trial of one such program, Bridges to Success. Two cohorts of participants were randomly assigned to intensive, holistic, wrap-around services that typically last two years versus a control offered help with an immediate need. Since the intervention has a clear goal of exiting poverty but is also holistic, we pre-specified both employment and non-employment outcomes. The measured treatment effect on employment three years after random assignment is 9 ± 9 percentage points (pp). The proportion of people reporting high housing quality after one year has a treatment effect of −2 ± 12 pp.",http://www.sciencedirect.com/science/article/pii/S0047272726000538
Journal of Public Economics,2026,What happens when women suddenly stop receiving cash transfers?,"Nasir Iqbal, Amen Jalal, Mahreen Mahmud and Kate Vyborny","Female-targeted cash transfers are widely used as a policy tool to enhance women’s empowerment. However, little is known about what happens when payments stop – whether due to budget cuts, program changes, or recipient graduation. We study how women are affected by unanticipated program exit, and whether they experience backlash when they stop bringing cash home. Using a regression discontinuity-in-differences design around a revised eligibility threshold, we follow 2333 women exiting Pakistan’s largest cash transfer program, surveying them before program exit and one year after it. Drawing on comprehensive measures of empowerment, intimate partner violence, and well-being, we find no evidence of negative impacts a year after exit. These results suggest that the gains experienced by women during the program are not undone by adverse reactions upon exit.",http://www.sciencedirect.com/science/article/pii/S004727272600054X
Journal of Public Economics,2026,Is it possible to raise national happiness?,Alberto Prati and Claudia Senik,"We revisit the famous Easterlin paradox by considering that life evaluation scales refer to a changing context, hence they are regularly reinterpreted. We propose a simple model of rescaling based on both retrospective and current life evaluations, and apply it to unexploited archival data from the USA. When correcting for rescaling, we find that the well-being of Americans has substantially increased, on par with GDP, health, education, and liberal democracy, from the 1950s to the early 2000s. Using several datasets, we shed light on other happiness puzzles, including the apparent stability of life evaluations during COVID-19, why Ukrainians report similar levels of life satisfaction today as before the war, and the absence of parental happiness.",http://www.sciencedirect.com/science/article/pii/S0047272726000551
Journal of Public Economics,2026,A prescription for knowledge: Patient information and generic substitution,"Linn Hjalmarsson, Christian Schmid and Nicolas Schreiner","This paper examines the role of information frictions and inattention in the market for health care. We analyze the impact of providing targeted information directly to patients on their choice between brand-name and generic drugs. Using administrative data on 60,000 informational letters sent by a Swiss health insurer, and exploiting the quasi-randomized timing of the dispatch, we find that informing patients of cheaper alternatives leads to an almost fourfold increase in the likelihood of generic substitution. Crucially, this effect does not substantially depend on the patient’s co-payment status. Our results highlight the limits of healthcare policies relying solely on financial incentives when patients lack sufficient information regarding their choices.",http://www.sciencedirect.com/science/article/pii/S0047272726000629
Journal of Public Economics,2026,Curbing pretextual stops: Police efficiency and racial disparities,"Louis-Philippe Beland, Jason Huh, Dongwoo Kim and Kyutaro Matsuzawa","This paper examines the impact of pretextual stops in the context of Los Angeles. Pretextual stops occur when police officers use minor violations as a reason for stops, aiming to uncover more serious offenses. We investigate the effect of a special order implemented in March 2022 by the Los Angeles Police Department (LAPD) that restricted pretextual stops. Using an extensive LAPD dataset from 2018 to 2022 and a regression discontinuity in time design, we find that the policy led to a significant reduction in minor violation stops, with similar reductions across all racial groups. We also find faster 911 response times and higher arrest rates conditional on a stop following the policy, concentrated in the immediate post-policy period. Moreover, the decrease in minor violation stops did not lead to increases in crime rates.",http://www.sciencedirect.com/science/article/pii/S0047272726000654
Journal of Public Economics,2026,The impact of working conditions on productivity: Evidence from the U.S. public defense system,Zhihan Liu and Amy C. Mahler,"The Sixth Amendment guarantees the right to effective legal representation for all defendants, regardless of income. In practice, this constitutional promise depends critically on the working conditions of the public defenders who represent low-income clients. This paper examines how the workloads public defenders face affect the outcomes of the cases they handle. Using the universe of public defense case records from two U.S. states and quasi-random variation in workloads induced by strict case assignment rules, we find robust evidence that a one–standard–deviation increase in an attorney’s workload (about 25 additional cases) increases incarceration sentence length by 12 percent, with suggestive evidence of higher probability of conviction. We explore mechanisms using granular attorney time-use data and find that rising workloads reduce time spent across all tasks by 18 percent, while some independent tasks, such as reviewing evidence and conducting legal research, may be dropped entirely.",http://www.sciencedirect.com/science/article/pii/S0047272726000666
Journal of Public Economics,2026,The disenrollment and labor market effects of SNAP work requirements on parents,Jason Cook and Chloe N. East,"We provide the first, modern, causal estimates of the Supplemental Nutrition Assistance Program’s (SNAP) General Work Requirement and Employment and Training (E&T) Program on parents. To do so, we use linked administrative panel data on program receipt and earnings. Parents do not increase their work, and are much less likely to receive SNAP after the requirements are imposed. The disenrollment effect is driven by the E&T Program and those who have weaker labor market attachment.",http://www.sciencedirect.com/science/article/pii/S0047272726000678
Journal of Public Economics,2026,The effects of workers’ compensation experience rating on workers’ absences and employment,Pascale Lengagne,"This paper examines the effects of experience rating of workers’ compensation (WC) insurance on workers’ absences and employment. I exploit a French reform that increased the degree of experience rating assigned to medium-size firms, thereby strengthening their incentives to reduce WC benefit expenditures of their employees. The findings show that a higher degree of experience rating led to a significant reduction in absences due to work-related injuries or illnesses; the estimates imply an elasticity of a worker’s annual number of work-related absence days with respect to the share of WC benefit expenditures borne by the firm of −1.20, with an extensive-margin elasticity of −0.43. This reduction is not offset by an increase in nonwork-related absences, suggesting that this effect does not reflect a substitution toward filing claims under the nonwork-related insurance scheme. I find no evidence of adverse effects on employment. Instead, the results suggest that increasing the degree of experience rating significantly improved the employment of workers.",http://www.sciencedirect.com/science/article/pii/S004727272600068X
Journal of Public Economics,2026,Entrepreneurship and top marginal tax rates,Zhigang Ge,"This paper studies the taxation of high-income entrepreneurs, with a focus on their income responses operating through wealth changes over time. I develop a tax formula that incorporates this mechanism and evaluate it within a quantitative model. The results show that income adjustments driven by wealth changes are crucial for generating a low optimal top marginal tax rate for entrepreneurs in the long run. However, when transitional dynamics that also include short-term considerations are taken into account, the optimal top marginal tax rates for entrepreneurs become as high as those suggested for workers.",http://www.sciencedirect.com/science/article/pii/S0047272726000708
Journal of Public Economics,2026,"Classification risk in health insurance: The interaction of genetics, prevention, and insurance",Julia Holzapfel,"This paper examines how interactions between genetic and behavioral risk factors influence the welfare effects of risk classification in health insurance. I show that using behavioral information in insurance pricing Pareto-improves welfare. It directly reduces moral hazard and indirectly mitigates adverse selection by lowering premiums. Under certain conditions, behavioral classification combined with a ban on genetic classification even implements the utilitarian optimum. A ban on genetic classification, however, may also induce inefficient prevention behaviors because insurers cannot tailor incentives to genetic dispositions. As a consequence, the ability of a regulated private market to achieve the utilitarian optimum hinges on how genetic factors influence the productivity of prevention. If interactions between genetic and behavioral factors lead to misaligned prevention incentives, social insurance that incorporates behavioral classification can resolve the remaining market inefficiencies and maximize utilitarian welfare.",http://www.sciencedirect.com/science/article/pii/S004727272600071X
Journal of Public Economics,2026,Corporate taxpayer responses to size-based enforcement and disclosure thresholds,"Jason DeBacker, Erin Towery and Bibek Adhikari","This study uses administrative tax return and audit data to examine the effects of three Internal Revenue Service (IRS) enforcement policies focused on large corporations. The IRS Large Business and International Division’s monitoring threshold increased from $5 million in 2000 and 2001 to $10 million in assets starting in 2002. Starting in tax year 2004, the IRS requires C corporations with at least $10 million in assets to file Schedule M-3, which reconciles book and taxable incomes. In the same year, audit rates jumped discretely at the $10 million asset threshold. We find that C corporations strategically bunch below this threshold in most years from 2004 to 2010. Using variation in audit rates around the $10 million asset threshold over time and the staggered Schedule M-3 implementation dates for C corporations and S corporations, our evidence collectively suggests C corporations bunch below the threshold primarily to avoid higher audit rates. A triple difference estimator shows that the enforcement notch at $10 million in assets has persistent effects on corporation size.",http://www.sciencedirect.com/science/article/pii/S0047272726000721
Journal of Public Economics,2026,Winters of discontent,Casey Wichman,"Do short-run weather shocks affect migration? I estimate how snow influences county-level migration in the Great Lakes region since 1970. I isolate responses to snow by comparing its effect on net migration across regions exposed to lake-effect snow (LES)—heavy snow generated downwind of the Great Lakes. Higher-than-average snowfall in lake-effect regions leads to net population loss the following year. This effect is driven by reductions in in-migrants, dissipates after 1–2 years, and is strongest for young and middle-aged populations. Snow has virtually no effect on migration in non-lake-effect regions, suggesting that baseline exposure interacts with anomalous weather events.",http://www.sciencedirect.com/science/article/pii/S0047272726000733
Journal of Public Economics,2026,"Extreme temperatures, physical activity, and adaptation",Robert Harris,"Humans undertake physical activity daily, yet we know little about how climate change might affect this fundamental aspect of life. Using 24 billion person-minute observations from a sample of Fitbit users in the United States, this paper estimates behavioral and performance responses to extreme temperatures. I find significant reductions in activity on hot and cold days, though intraday and interday substitution mitigates this effect. Regions with hotter climates are less sensitive to extreme heat, evincing adaptation. Physical activity projections incorporating this heterogeneity and allowing places to adapt to their future climate imply large welfare gains, unlike projections that ignore adaptation.",http://www.sciencedirect.com/science/article/pii/S0047272726000745
Journal of Public Economics,2026,Elections that inspire: Effects of Black mayors on educational attainment,"Jorge Ikawa, Clarice Martins, C. Sant’Anna, Pedro and Rogerio Santarrosa","We study the impact of the election of a Black mayor in Brazil on Black students’ educational attainment. Using a regression discontinuity design in close elections, we find that Black students in municipalities where Black candidates won are more likely to register for the National High School Examination, attend university, and graduate. Our evidence is consistent with changes in students’ aspirations: secondary/tertiary education is not a mayor’s primary responsibility; Black mayors do not perform better in policies that affect our outcomes; and effects are strong for Black students from both public and private schools, while weaker for White students from public schools.",http://www.sciencedirect.com/science/article/pii/S0047272726000757
Journal of Public Economics,2026,Procurement with manipulation,"Decio Coviello, Andrea Guglielmo, Clarissa Lotti and Giancarlo Spagnolo","Using data from Italian public works, we study whether and which procuring administrations manipulate the value of contracts to avoid crossing regulatory thresholds that limit discretion, and how this impacts procurement outcomes. We use bunching estimators to document substantial manipulation just below these thresholds, mainly performed by administrations led by appointed, rather than elected officials. For the manipulating administrations, we estimate the effects of manipulation and find that it increases the use of discretionary procedures (restricted auctions), thereby reducing the number of bidders, works’ length, delays in delivery, and cost overruns, with mixed effects on rebates. Manipulation also increases repeated awards of contracts to less financially risky suppliers. We cross-validate our estimates using a reform that lowered the thresholds and find less use of discretion, and poorer procurement outcomes, notably increased delays. We find that administrations quickly adjust to the new rules, but heterogeneously based on how administrators are selected in office with appointed administrations reacting the most. A simple model where administrations may choose to manipulate the value of contracts guides the interpretation of our empirical results.",http://www.sciencedirect.com/science/article/pii/S0047272726000125
Journal of Public Economics,2026,Violent discipline and parental behavior: Short- and medium-term effects of digital parenting support to caregivers,"Lelys Dinarte-Diaz, Saravana Ravindran, Manisha Shah, Shawn Powers and Helen Baker-Henningham","Approximately 75% of children aged 2 to 4 worldwide are regularly subjected to violent discipline. We study the impact of a digitally delivered intervention on positive parenting practices in Jamaica using a randomized controlled trial. Results show that the intervention improves caregiver knowledge (0.52 SD), attitudes toward violence (0.2 SD), and reduces caregiver violence against children (0.12 SD). Treatment children experience fewer emotional problems (0.17 SD). We also find reductions in caregiver depression (0.12 SD), anxiety (0.16 SD), and parental stress (0.16 SD) for treatment caregivers nine months later. The digital delivery has important scalable policy implications that could help decrease violence against children worldwide.",http://www.sciencedirect.com/science/article/pii/S0047272726000265
Journal of Public Economics,2026,Do the rich substitute political giving for charitable giving?,Julia Cagé and Malka Guillot,"This article studies the relationship between charitable and political giving, and estimates the degree of substitutability between the two, focusing on wealthy households. Using exhaustive administrative tax data covering all French households between 2006 and 2021, we exploit the 2017 reform that replaced the wealth tax with a real-estate tax. This reform increased the effective price of charitable giving for households that were previously liable but are no longer liable, while leaving the price of political donations unchanged. This unique setting allows us to estimate the cross-price elasticity of political donations with respect to the price of charitable giving through an instrumented Difference-in-Differences approach. According to our estimates, a 10% increase in the price of charitable giving leads to a 0.18 p.p. increase in the propensity to make a political donation, and to a large rise (corresponding to 3% of the mean) in the amount given conditional on giving. We finally discuss the possible mechanisms behind this substitutability, and provide suggestive evidence indicating that some charitable giving may have been politically motivated from the outset.",http://www.sciencedirect.com/science/article/pii/S0047272726000289
Journal of Public Economics,2026,Do Black electoral victories shift racial bias? Evidence from close elections,Jung Sakong,"Do Black electoral victories affect the degree of racial bias among White Americans? This paper examines changes in explicit racial attitudes and Implicit Association Test (IAT) scores following close local elections between Black and White candidates. I construct a novel dataset linking election outcomes to candidate race and implement a regression discontinuity design, supplemented by difference-in-differences approaches. Anti-Black bias among White respondents increases following narrow victories by Black candidates, relative to close losses. I discuss possible interpretations of this pattern and consider how these findings inform our understanding of racial attitudes in response to political change.",http://www.sciencedirect.com/science/article/pii/S0047272726000307
Journal of Public Economics,2026,Lagged-price reimbursement contracts: The impact of medicare Part B on pharmaceutical price growth,"Angelique Acquatella, Keith Marzilli Ericson and Amanda Starc","We examine lagged-price cost-plus reimbursement contracts, focusing on Medicare Part B’s payment for physician-administered drugs. While previous research has shown that Part B increased launch prices, we estimate its effect on later prices and find that lagged-price reimbursement lowers prices in later periods. Drugs more exposed to Medicare reimbursement have lower price growth (net of rebates): a drug with above median Part B exposure has a 10% lower price after 3 years than a below median exposure drug that launched at the same price. The effect is larger for newly approved molecules, which face less competition.",http://www.sciencedirect.com/science/article/pii/S0047272726000319
Journal of Public Economics,2026,Greening to grow: Evidence from environmental regulation and industrial firm productivity in China,Yangsiyu Lu and Jacquelyn Pless,"We study the impact of a major air pollution regulation on industrial firm productivity in China and show that accounting for heterogeneity in regulatory exposure is crucial for understanding the economic effects of environmental regulation. Exploiting variation generated by the regulation’s geographic design and industry pollution intensity, we find that total factor productivity increased by about 5% for regulated firms in less pollution-intensive industries relative to unregulated firms. In more pollution-intensive industries, average productivity declined relative to regulated cleaner industries but remained stable relative to unregulated firms. We show that productivity gains were achieved through a combination of market selection, reallocation, and within-firm industrial upgrading, but the relative importance of these channels varies with pollution intensity. Firms in “cleaner” industries upgraded broadly and expanded, while firms in dirtier industries invested in capital upgrades and improved input efficiency without expansion. Creative destruction dynamics are concentrated among private firms rather than state-owned enterprises, highlighting the role of political institutions and incentives in shaping the productivity consequences of environmental regulation.",http://www.sciencedirect.com/science/article/pii/S0047272726000320
Journal of Public Economics,2026,Estimating intergenerational returns to medical care: New evidence from at-risk newborns,"Damian Clarke, Nicolas Lillo Bustos and Kathya Tapia-Schythe","We examine whether intensive early-life government-funded interventions targeted to at-risk newborns are transmitted intergenerationally. Using a regression discontinuity design and administrative data from Chile we follow women up to the age of 25, and document the surprising fact that children of individuals who were treated at birth have worse indicators of health at birth a generation later. We suggest this owes to selective fertility, finding that marginally treated individuals are substantially more likely to give birth. These new stylised facts suggest that in certain circumstances, the long-term implications of public investments within family lineages may be quite different to their short-term implications, placing more weight on necessary reinforcing interventions.",http://www.sciencedirect.com/science/article/pii/S0047272726000332
Journal of Public Economics,2026,Chicken and egg: Electricity transmission and investment in renewable energy,Gaurav Doshi,"I study the impact of grid expansion on long-run renewable investment spillovers in wholesale electricity markets. Using a discrete choice model of wind project location and a Difference-in-Difference design, I analyze a large-scale grid expansion project in Texas. Results show $1.56 billion per year in lower emissions and $11 million in increased annual payments to landowners due to wind investments in areas with grid infrastructure. However, localized wind investments coupled with limited transmission capacity have led to rising curtailments in recent years, highlighting the need for a long-term planning approach to transmission policy.",http://www.sciencedirect.com/science/article/pii/S0047272726000344
Journal of Public Economics,2026,Sick of your poor neighborhood? Quasi-experimental evidence on neighborhood effects on health,Linea Hasager and Mia Jørgensen,Does living in a low-income neighborhood have negative health consequences? We document causal neighborhood effects on health by exploiting a Spatial Dispersal Policy that quasi-randomly resettled refugees across neighborhoods and apartment buildings from 1986 to 1998. Refugees allocated to low-income neighborhoods had a 12 percent higher risk of developing a lifestyle related disease 8 to 15 years after immigration compared with those allocated to high-income neighborhoods. Our results suggest that interaction with neighbors and the characteristics of the immediate environment are important determinants of health outcomes. Our results further suggest that differences in health care access and individual labor market outcomes are not the main drivers behind the neighborhood effects on health.,http://www.sciencedirect.com/science/article/pii/S0047272726000356
Journal of Public Economics,2026,On the optimality of deferred public annuities,Liran Einav and Amy Finkelstein,"What is the optimal path of Social Security benefits for an individual who has retired with a stock of wealth, faces stochastic mortality, and has no access to annuities and no preferences for bequests? It is a deferred annuity in which the government annuity pays out zero for some periods and a constant amount after that. The optimal length of the deferral period increases with the retiree’s initial wealth and their survival probability.",http://www.sciencedirect.com/science/article/pii/S004727272600037X
Journal of Public Economics,2026,Externalities of climate adaptation in common-pool groundwater resources,"Jeffrey Hadachek, Ellen Bruno, Nick Hagerty and Katrina Jessoe","Adaptation to environmental change can exacerbate existing externalities in common-pool natural resources. We document one such case: Farmers in California respond to heat and drought by extracting more groundwater, lowering the water table, and harming access to drinking water for nearby residents. Using yearly variation we show that surface water scarcity and heat increase agricultural well construction, groundwater depletion, and domestic well failures, and that well construction accounts for a large share of the latter effects. In our setting, adaptation also exacerbates inequality: low-income and Latino communities account for most of the effects on domestic well failures.",http://www.sciencedirect.com/science/article/pii/S0047272726000381
Journal of Public Economics,2026,Inference for welfare metrics,Vedant Vohra,"Economists often estimate causal effects of policies on multiple outcomes and summarize them into scalar measures of cost-effectiveness or welfare, such as the Marginal Value of Public Funds (MVPF). In many settings, microdata underlying these estimates are unavailable, leaving researchers with only published estimates and their standard errors. We develop tools for valid inference on functions of causal effects, such as the MVPF, when the correlation structure is unknown. Our approach is to construct worst-case confidence intervals, leveraging experimental designs to tighten them, and to assess robustness using breakdown analyses. We illustrate our method with MVPFs for eight policies.",http://www.sciencedirect.com/science/article/pii/S0047272726000393
Journal of Public Economics,2026,Stability and resilience of alliances: A network approach,Arnold Polanski and Sebastian Cortes-Corrales,"Public-goods models of alliances examine the trade-off between the benefits of a collectively provided good and the private costs of contribution. This line of inquiry prompts a further question: what makes alliances endure? We contribute by characterizing alliance stability and resilience using graph-theoretic concepts, offering a structural explanation for why some alliances persist while others do not. Our framework embeds alliances in node- and edge-weighted networks: links among allies generate positive externalities, whereas links between allies and adversaries capture negative externalities. We relate the resilience of alliances – and of their members – to the members’ core numbers within the alliance-induced subnetwork. We then analyze strategic stability when members choose the magnitude of the externalities through costly contributions and the redistribution of spillovers. Finally, we apply the framework to assess the resilience and stability of the North Atlantic Alliance.",http://www.sciencedirect.com/science/article/pii/S0047272726000460
Journal of Public Economics,2026,Race and redistribution in the United States: An experimental analysis,"Jesper Akesson, Robert W. Hahn, Robert Metcalfe and Itzhak Rasooly","Scholars have suggested that White American support for welfare is influenced by their beliefs about the racial composition of welfare recipients. In this paper, we test this hypothesis using two experiments (n=9,775) that induce random variation in participants’ beliefs about the racial distribution of welfare recipients. In both experiments, we obtain evidence that exogenously increasing beliefs about the share of welfare recipients who are Black reduces support for welfare. We also use our experiments to study the effect of ‘priming’ participants to think about race, the accuracy of beliefs about the racial distribution of welfare recipients, and the mechanisms that underpin our results.",http://www.sciencedirect.com/science/article/pii/S0047272725002543
Journal of Public Economics,2026,The unequal job security scars of displacement,"Ana Figueiredo, Olivier Marie and Agnieszka Markiewicz","Segmented labor markets, where stable jobs coexist with insecure, high-turnover positions, make job security key to workers’ long-term outcomes. Using Dutch administrative data, we study the impact of displacement on job security and the role of cash-on-hand. One year after displacement, permanent employment falls by about one-fifth and remains lower five years later, amplifying wage losses: displaced workers who lose job security experience losses 21 % larger than those retaining a permanent contract. Exploiting a policy granting lump-sum transfers only to some displaced workers, we find that eligibility attenuates job security losses and, as a result, wage losses. Effects are larger among liquidity-constrained workers, consistent with binding liquidity constraints. Our findings highlight job security as a key channel through which cash-on-hand reduces the long-run costs of job loss, with implications for the design of unemployment insurance.",http://www.sciencedirect.com/science/article/pii/S0047272725002610
Journal of Public Economics,2026,"Weather and U.S. railways: risk, adaptation, and congestion",Xinming Du and Andrew Wilson,"Railway operation is known to be affected by the weather, but the magnitude of these effects has not been estimated at scale. We investigate the effect of weather on U.S. railways using accident and performance data spanning 1997–2022. We find that exposure to temperatures over 86 ∘F (under 5 ∘F) leads to a 9.5% (46%) increase in accidents and a 57% (222%) increase in deaths. Railroads are also adapted to their local climate (with warmer places exhibiting lower sensitivity to heat), learn from prior accidents, and change train speed and throughput in response to weather. Due to the fixed, network nature of railways, we discover that local responses to weather result in a negative externality of propagating delays. Our findings suggest that public funding for rail upgrades may improve both safety and performance.",http://www.sciencedirect.com/science/article/pii/S0047272726000083
Journal of Public Economics,2026,"Emergency care centers, hospital performance and population health","Sonia Bhalotra, Letícia Nunes and Rudi Rocha","A core challenge for healthcare systems is ensuring timely care for critical conditions while efficiently managing lower-complexity cases. Hospitals, often overburdened by both, struggle to balance these demands and allocate resources effectively. Many countries have responded by introducing alternative 24/7 facilities to relieve hospital strain and improve patient outcomes, yet evidence on their impact remains limited. We evaluate the introduction of freestanding Emergency Care Centers (UPAs) within Brazil’s publicly funded health system, leveraging rich administrative data. We find that UPAs reduced hospital outpatient procedures by 30% and hospital admissions for ambulatory-sensitive conditions by 24–37%, enabling hospitals to focus on more complex cases, such as surgeries and obstetric admissions, which increased by 25%. We observe a 13% reduction in inpatient mortality, particularly in intensive care and for conditions best suited to hospital treatment. While some deaths were displaced to UPAs, there was a decline in population-level mortality of 1.8%, although this is not statistically significant. Our findings show how an intermediate tier of emergency care reshapes patient sorting, alleviates hospital congestion, and improves hospital performance in an overstretched public health system.",http://www.sciencedirect.com/science/article/pii/S0047272726000095
Journal of Public Economics,2026,Asylum seekers and the rise in homelessness,"Bruce D. Meyer, Angela Wyse and Douglas Williams","Data from the Department of Housing and Urban Development (HUD) show an unprecedented 43 percent increase in the number of people residing in homeless shelters in the United States between 2022 and 2024, reversing the gradual decline of the preceding sixteen years. Three-quarters of this rise occurred in four localities – New York City, Chicago, Massachusetts, and Denver – where large inflows of new immigrants, many lawfully paroled into the U.S. while seeking asylum, were housed in the homeless shelter system. Using direct estimates from local government sources and indirect methods based on demographic changes, we estimate that new migrant inflows were the primary driver of this dramatic rise, explaining about 59–62 percent of the two-year increase in sheltered homelessness. These estimates challenge narratives that attribute the increase primarily to local economic and housing market conditions and underscore the need to carefully consider population shifts, shelter capacity, and measurement practices when interpreting changes in official homeless counts over time.",http://www.sciencedirect.com/science/article/pii/S0047272726000137
Journal of Public Economics,2026,"Human capital, unequal opportunities and productivity convergence: A global historical perspective, 1800–2100","Nitin Bharti, Amory Gethin, Thanasak Jenmana, Zhexun Mo, Thomas Piketty and Li Yang","This paper constructs a new database on public expenditure and revenue and their components, particularly education and health expenditure, covering all world regions over the 1800–2025 period. Human capital expenditure has grown substantially, but with large and persistent inequalities. Public education expenditure per school-age individual in Sub-Saharan Africa is about 3% of the level observed in Europe and North America in 2025 at purchasing power parity, compared to 6% in 1980 and 4% in 1950. Human capital expenditure strongly correlates with productivity growth, especially for public education and in poor countries. Estimated returns from our macro-historical database are around 10%, in line with micro studies. Finally, we present simulations based on illustrative human capital expenditure trajectories over the 2025–2100 period. In particular, we analyze the conditions under which convergence in human capital expenditure could lead to global productivity convergence by 2100.",http://www.sciencedirect.com/science/article/pii/S0047272726000149
Journal of Public Economics,2026,Beyond lost earnings: Job displacement and the cost of commuting,"Yige Duan, Oskar Jost, Ramona Jost and Holger Seibert","We examine the impact of involuntary job displacement on workers’ commuting behavior and its implications for the overall welfare cost of job loss. Using geo-referenced employee-employer data from Germany (2000–2017), we track workers’ door-to-door commuting and relocation patterns between home and work. After displacement, workers commute 23.1% (3.38 kilometers) farther to new jobs, and the effect diminishes over time due to job changes rather than home relocation. The simultaneous wage and commuting effects suggest that wage differentials across jobs fail to compensate for commuting costs. An on-the-job search model with heterogeneous firm productivity and commuting distance rationalizes the findings, and structural estimates reveal that an average German worker’s commuting costs equal 20.2 euros per day. Hence, longer commutes exacerbate the total cost of job displacement by one-fifth of the wage losses.",http://www.sciencedirect.com/science/article/pii/S0047272726000150
Journal of Public Economics,2026,Political accountability and bureaucratic selection,Antonio León and Kelly Santos,"The selection of public sector employees is crucial to state effectiveness. Given politicians’ influence on bureaucracies, could political accountability improve bureaucratic selection? Using randomized audits and individual-level data on Brazil’s public sector employees, this paper finds that audits enhance the quality of the bureaucracy. The results are driven by politicians’ increased incentives to perform well in office, stronger recruitment efforts, and a reduction in patronage.",http://www.sciencedirect.com/science/article/pii/S0047272726000162
Journal of Public Economics,2026,Fiscal capacity and capital misallocation: the economic costs of tax evasion,Yu Liu and Xiaoxue Zhao,"This paper examines developing countries’ low administrative capacity to enforce uniform tax rates across space as a driver of capital allocation and a cause of low productivity. We rely on the Golden Tax Project, an information technology reform in China that eliminates the need for local tax-enforcing agencies to verify firm sales and purchases through onsite inspections, as a natural experiment to study the effects of fiscal capacity on firms’ location and capital allocation decisions. Exploiting the heterogeneous shocks that the reform exerts on the fiscal capacity of Chinese counties with different geographic ruggedness, we find that the Golden Tax Project significantly leveled effective tax rates across Chinese counties, which caused capital to relocate out of counties that experienced a bigger fiscal capacity boost after the reform. Such cross-county capital reallocation significantly equalized the marginal product of capital across firms and caused a rightward shift in productivities among them.",http://www.sciencedirect.com/science/article/pii/S0047272726000174
Journal of Public Economics,2026,"Household production time and inequality in material living standards in the U.S., 1965–2018",Leila Gautham and Nancy Folbre,"We study how unpaid household production shapes trends in inequality in material living standards in the U.S. in the last five decades. We construct extended income and consumption measures that add the imputed value of household production to standard market concepts. Extended income and consumption are consistently more equal than their market counterparts. The imputed value of time devoted to household production has fallen considerably, with proportionately larger impacts on money-poor households. Inequality in extended measures has therefore risen more than for market income and consumption. In other words, the degree to which household production buffers inequality in market resources has fallen over time. This analysis applies a lower-bound replacement cost value to hours of time reported in household production and is robust to the use of different valuation and equivalence scales.",http://www.sciencedirect.com/science/article/pii/S0047272726000186
Journal of Public Economics,2026,Ranking for engagement: How social media algorithms fuel misinformation and polarization,"Fabrizio Germano, Vicenç Gómez and Francesco Sobbrio","Social media are at the center of countless debates on polarization, misinformation, and even the state of democracy in various parts of the world. An essential feature of social media is their recommendation algorithm that determines the ranking of content presented to the users. This paper investigates the dynamic feedback loop between recommendation algorithms and user behavior, and develops a theoretical framework to assess the impact of popularity-based parameters on platform engagement, misinformation, and polarization. The model uncovers a fundamental trade-off: assigning greater weight to online social interactions—such as likes and shares—increases user engagement but also increases misinformation (crowding-out the truth) and polarization. Building on this insight, the analysis considers how a simple “engagement tax” on social interactions can mitigate these negative externalities by altering platform incentives in the design of profit-maximizing algorithms. The framework is extended to include personalized rankings, demonstrating that personalization further amplifies polarization. Finally, empirical evidence from survey data in Italy and the United States indicates that Facebook’s 2018 “Meaningful Social Interactions” update—which increased the emphasis on certain engagement metrics—contributed to increased ideological extremism and affective polarization.",http://www.sciencedirect.com/science/article/pii/S0047272726000253
Journal of Public Economics,2026,Climate coalitions with sophisticated policy makers,"Sareh Vosooghi, Maria Arvaniti and Frederick (Rick) van der Ploeg","We study the formation of international climate coalitions among sophisticated policymakers. They strategically predict the consequences of their membership decisions in climate negotiations and use an integrated assessment model of the economy and the climate in their decision-making. We analytically characterise the equilibrium number of coalitions and their number of signatories with certain types of heterogeneity. The special structure of our model drastically reduces the computational complexity of coalition formation with heterogeneous countries. We also numerically investigate possible coalition outcomes for a calibrated model with an exhaustible and an inexhaustible energy sector. In contrast to earlier approaches to coalition formation based on internal and external stability, much larger coalitions can be sustained in equilibrium alongside smaller ones. Sophisticated policymakers thus lead to greater mitigation of global warming.",http://www.sciencedirect.com/science/article/pii/S0047272726000290
Journal of Public Economics,2026,Women’s labor market opportunities and equality in the household,"Erik Grönqvist, Lena Hensvik, Yoko Okuyama and Anna Thoresson","We study how changes in couples’ relative wages affect the division of childcare. Using a nationwide wage reform that raised pay in the female-dominated teaching profession, we find that closing 25% of the earnings gap between female teachers and their male spouses led to a 12% reduction in the childcare time gap. This result holds when we extend the analysis to major pay raises for women at the population level. Data support the mechanism that women reduce their childcare time when the spouse can step in by working more from home. Policies that address female pay can foster household equality, if men have access to flexible work arrangements.",http://www.sciencedirect.com/science/article/pii/S0047272725002567
Journal of Public Economics,2026,Air pollution as comparative disadvantage,"Shi-Ting He, Liugang Sheng and Peng Zhang","This paper is the first to examine the impact of air pollution on exporters’ comparative advantage in the global market and their ensuing strategic responses. Using comprehensive firm-product export data from China spanning 2000 to 2007 and exploiting exogenous variation in air pollution induced by thermal inversions for identification, we estimate a detrimental effect of increased air pollution on exports through its adverse impact on labor productivity. The effects are particularly pronounced for labor-intensive products, prompting firms to restructure their product scope away from labor-intensive varieties. Moreover, larger firms exhibit greater resilience to these adverse effects. The quantitative analysis demonstrates that improving air quality in China would significantly enhance its comparative advantage and aggregate welfare, while also benefiting the rest of the world.",http://www.sciencedirect.com/science/article/pii/S0047272725002592
Journal of Public Economics,2026,“Not ready” as a productive wake-up call: Do second chances improve human capital investments?,Thorbjørn Sejr Guul and Søren Albeck Nielsen,"We study a policy reform in Denmark that introduced a GPA threshold for academic readiness for upper secondary education 1.5 years before the end of middle school. Students near the threshold received similar information about their academic performance, but those just below it were labeled “not ready” and offered a second chance through reevaluation the following year. Using a fuzzy regression discontinuity design, we find that students just below the threshold improved their final middle school GPA, were more likely to complete high school, and subsequently more likely to enroll in post-secondary education. These effects are driven primarily by increased student effort, evidenced by higher conscientiousness and reduced part-time work, rather than changes in school or parental investment. Importantly, we find no adverse effects on student well-being. The positive effects are especially pronounced among students from low socioeconomic backgrounds and among girls, but we observe beneficial impacts across all subgroups. Our results suggest that entry criteria combined with second-chance opportunities can substantially improve students’ educational trajectories, particularly in the transition to upper secondary education.",http://www.sciencedirect.com/science/article/pii/S0047272725002622
Journal of Public Economics,2026,When protection becomes exploitation: The impact of firing costs on Naïve Employees,"Florian Englmaier, Matthias Fahn, Ulrich Glogowsky and Marco Schwarz","This paper identifies a new channel through which employment protection laws can harm workers: they enable employers to exploit naïve present-biased employees. The theoretical mechanism through which firing costs enable exploitation is built upon a widespread career structure. Employers frequently offer career trajectories with an unattractive entry phase (e.g., with low pay or high effort), an even less attractive mid-career stage, and high rewards promised in a final career phase. Naïve employees accept such contracts, expecting to complete the high-reward track. They, however, eventually drop out or sort into alternative paths mid-career when costs loom large and rewards remain distant. As a result, employers avoid paying the promised rewards while capturing surplus from early-career phases. Firing costs give employers more leeway to exploit workers with such contracts: they reduce the employees’ expected risk of dismissal and make long-term rewards appear more credible. Employers can then exploit employees even more—for example, by lowering early-career wages—knowing that employees will still accept such steeper contracts despite not following through. Our model aligns with career patterns in fields such as healthcare, academia, or accounting. It also yields testable predictions on wage structures, attrition, and how firing costs and labor market conditions shape contract design.",http://www.sciencedirect.com/science/article/pii/S0047272725002634
Journal of Public Economics,2026,Bad networks,"Robert Akerlof, Richard Holden and Dj Thornton","There is increasing evidence that social media is detrimental to mental health and self-esteem. A puzzle is why, in spite of this, people join these platforms. One possibility is that people feel compelled to participate: they dislike these networks—in particular, the way in which they generate rat races—but they need to be on them to socialize with peers. We refer to networks that harm users as “bad networks.” We model settings with network externalities and show that, surprisingly, bad networks are easy to establish. We also show that networks tend to be both bad and easy to establish when they create rat races—as social networks often do. Amplifying the rat race boosts network size which, while harmful to consumers, may benefit the platform.",http://www.sciencedirect.com/science/article/pii/S0047272726000101
Journal of Public Economics,2026,Precautionary liquidity and worker decisions: Evidence from French employee saving plans,"Marie Briere, James Poterba and Ariane Szafarz","This paper investigates the demand for precautionary liquidity versus commitment contracts among participants in employer-sponsored retirement saving programs in France. All firms in the sample offer medium-term investments; they cannot be accessed for five years. Some also offer long-term (LT) investments, which cannot be accessed until retirement. If a plan offers LT investments, its auto-enrollment default must include them.Workers who experience changes in access to LT investments as a result of job changes are about 6 percentage points less likely to take up the plan default option, and 3 percentage points less likely to participate in the plan at all, when exposed to LT investments. We intepret this as a preference for precautionary liquidity, but two–thirds of active choosers still allocate some contributions, although less than the default, to LT investments, consistent with demand for partial commitment.",http://www.sciencedirect.com/science/article/pii/S0047272726000113
Journal of Public Economics,2026,The impact of subjective school ratings on principal compensation and turnover,"Iftikhar Hussain, Vincenzo Scrutinio and Shqiponja Telhaj","Prior research has established that objective, test-score-based school accountability measures impact school leaders. Subjective evaluations, on the other hand, can provide a more nuanced assessment of school quality. This paper investigates the impact of subjective school inspection ratings on the salary and career outcomes of school principals. Ratings capture not just overall school quality, but also more granular aspects such as leadership quality, teaching and student achievement. Employing a difference-in-differences framework, we find that the overall school inspection rating has substantial impact on principals’ salaries and their rate of exit from public sector schooling. These effects are highly asymmetric: worse ratings have a substantially larger impact compared to rating improvements. Our findings suggest that competition is a key mechanism through which changes in school inspection ratings affect principals. Crucially, by leveraging detailed quality ratings, we show for the first time that the labor market can distinguish between signals concerning overall school quality and those specific to senior management quality.",http://www.sciencedirect.com/science/article/pii/S0047272725002233
Journal of Public Economics,2026,Assessing the impact of grade retention: A cautionary tale of exclusion restriction violations,"Jordan S. Berne, Brian A. Jacob, Christina Weiland and Katharine O. Strunk","State laws that mandate in-grade retention for struggling readers are widespread in the U.S., and retention at the secondary school level is common in many countries. Researchers often use regression discontinuity (RD) methods to study such policies, leveraging strict performance cutoffs as an instrument to estimate the Local Average Treatment Effect (LATE) of retention on student achievement. In this paper, we document a likely threat to the internal validity of these studies. Examining two cohorts of Michigan students, we find that being flagged for retention increases reading performance by roughly 0.05 SD, a modest but meaningful impact. However, because being flagged increases the likelihood of actually being retained by only 3.4 percentage points, the implied effect of retention itself under standard assumptions would be an implausibly large 1.3 SD. Survey evidence suggests that flagged students receive more intensive reading support even if they are not retained, a violation of the exclusion restriction. Moreover, we estimate similar effects in districts that did not retain any students. These results raise concerns about potential bias in previously estimated retention effects and highlight the importance of carefully considering exclusion assumptions in analyses of multifaceted education interventions.",http://www.sciencedirect.com/science/article/pii/S0047272725002336
Journal of Public Economics,2026,The devil is in the details: Heterogeneous effects of the German minimum wage on working hours and minijobs,"Mario Bossler, Ying Liang and Thorsten Schank","Germany introduced a national minimum wage in 2015. While prior studies find limited effects on overall employment, we go into detail and examine its impact on working hours and minijobs. The minimum wage significantly reduces inequality in hourly and monthly wages. While average working hours remain stable, minijobbers experience notable cuts in working hours, which can be explained by the institutional context shaping the effects of the minimum wage. Employment in regular jobs remains unaffected, but minijobs decline, driven by transitions into both regular jobs and non-employment. The latter implies an employment elasticity of −0.16 for minijob employment. Following the first major minimum wage increase in 2022, we reveal a reduction in working hours that is not limited to minijobs, corresponding to an employment volume elasticity of −0.38.",http://www.sciencedirect.com/science/article/pii/S0047272725002397
Journal of Public Economics,2026,Time preferences and food choice,"Andy Brownback, Alex Imas and Michael A. Kuhn","Food choices are canonical examples used to illustrate the importance of time preferences in behavioral economics. However, the literature lacks a direct demonstration that they are well-predicted by incentivized time preference measures. We offer direct evidence by combining a novel, two-question, incentivized time preference measurement with data from a field experiment that includes grocery purchases and consumption. Both our measures of standard discounting and non-stationary discounting are predictive of food choices, capturing a number of behaviors consistent with self-control problems.",http://www.sciencedirect.com/science/article/pii/S0047272725002403
Journal of Public Economics,2026,"Protectionism, evasion and household welfare evidence from Nigeria’s import bans","Erhan Artuc, Guillermo Falcone, Guido Porto and Bob Rijkers","This paper analyzes the welfare impacts of import bans in Nigeria and how these impacts are shaped by evasion. Bans were not effectively enforced, thus fostering informal trade. The imposition of bans nonetheless increased consumer prices by 9.9 percent on average. However, price increases were substantially attenuated for goods for which trade policy is harder to enforce. Import bans disproportionately hurt richer households, who likewise disproportionately benefit from evasion.",http://www.sciencedirect.com/science/article/pii/S0047272725002427
Journal of Public Economics,2026,Optimal income tax deductions for mixed business and personal expenditures,"Jacob Goldin, Sebastian Koehne and Nicholas Lawson","We study the optimal taxation of expenditures that generate income while also serving a consumption function. We characterize the Pareto optimal income tax deduction for such mixed-purpose expenditures within a generalized Atkinson–Stiglitz model. Pareto optimality requires a partial deduction for mixed-purpose expenditures, where the deduction rate depends on the fraction of an expenditure’s marginal benefits that are attributable to income-generation rather than consumption. We extend our results to account for several practical considerations, including potential constraints related to a uniform deduction rate or a fixed income tax schedule.",http://www.sciencedirect.com/science/article/pii/S0047272725002439
Journal of Public Economics,2026,The consequences of wildfire liability for firm precaution: Evidence from power shutoffs in California,Christopher Malloy,"This paper examines firm responses to the entire distribution of potential liability by studying power line-ignited fires in California’s electric utility sector. In this setting, when a power line-ignited fire damages a structure, the owner of the power line assumes the cost. The unique setting allows me to estimate how firm precautions vary across the entire distribution of liabilities they face. Using exogenous variation in firms’ expected liabilities from potential fire ignitions across days, I show that, on average, firms are 0.03 percentage points more likely to take costly precautionary actions as the level of expected liability that they face increases by 10 % (mean of 0.6 %). Applying a back of the envelope calculation suggests that, at its mean distribution circuit, the most responsive firm increases precautionary investments by $10 per dollar increase in its expected liability. Furthermore, I show that firms’ precautionary responses weaken as the likelihood of bankruptcy from expected liability increases. Applying the estimates to a stylized model implies that limiting firms’ exposure to liability across their service territory would create aggregate social welfare benefits between $27 million and $270 million.",http://www.sciencedirect.com/science/article/pii/S0047272725002518
Journal of Public Economics,2026,Estimating the welfare cost of labor supply frictions,"Katy Bergstrom, William Dodds, Nicholas Lacoste and Juan Rios","This paper quantifies how much people would be willing to pay to remove frictions that impede them from working their ideal number of hours using two sufficient statistics: (1) the percentage difference between ideal (i.e., frictionless) hours and actual hours, and (2) the Hicksian elasticity of ideal hours with respect to the after-tax wage rate. We implement this method to construct estimates of the willingness-to-pay to remove frictions in the United States and Germany. There are three core findings: (1) the cost of adjustment frictions (an omnibus measure encompassing, for example, fixed costs of adjustment, discrete choice sets, and search costs) is large for any reasonable value of the Hicksian ideal hours elasticity, even when accounting for multiple labor supply decisions, endogenous wages, and dynamic decisions; (2) the cumulative cost of adjustment frictions and tax misperceptions is even larger: individuals in the U.S. (Germany) would be willing to pay at least 7 % (4 %) of their income on average to remove these two frictions in hours worked; and (3) adjustment frictions appear to be much more costly than tax misperceptions.",http://www.sciencedirect.com/science/article/pii/S0047272725002555
Journal of Public Economics,2026,Social influence and carbon dioxide mitigation,Jayant Ganguli and Friederike Mengel,"We investigate the potential of social influence to increase people’s willingness to mitigate their carbon impact. In a large-scale online experiment consisting of two waves of data collection participants are given the choice to spend any share of a 10 GBP endowment on mitigation. If a wave-1 participant is told that their (anonymized) choice will be observed by a wave-2 participant before that participant makes their choice, then the wave-1 participant’s willingness to mitigate (WTM) increases by about 17%. This is not the case if their choice is observed by the wave-2 participant after that participant has already made their choice, which demonstrates that it is indeed the possibility of influence and not only observability that matters. Increasing influence at the extensive margin, i.e. increasing the number of wave-2 participants observing the choice, does not increase WTM. We also elicit beliefs and find that most participants overestimate how much influence they have.",http://www.sciencedirect.com/science/article/pii/S0047272725002579
Journal of Public Economics,2026,A tale of gold and blood: The consequences of market deregulation on local violence,Leila Pereira and Rafael Pucci,"We investigate how deregulating and disabling a decentralized structure for monitoring gold transactions in Brazil ultimately led to an increase in violence related to illegal gold mining. We use a Difference-in-Differences design and a unique database that combines the location of gold deposits and protected areas, where mining is forbidden. We demonstrate that municipalities more exposed to illegal gold mining experienced almost ten additional homicides per 100,000 people - roughly 30 % more - after the deregulation. We also find suggestive evidence of more gold-mining land use inside protected areas in exposed municipalities, which serves as an indicator of illegal mining.",http://www.sciencedirect.com/science/article/pii/S0047272725002580
Journal of Public Economics,2026,The long run effects of a teacher-focused school reform on student outcomes,"Sarah R. Cohodes, Ozkan Eren and Orgul Ozturk","This paper examines the effects of a teacher-focused school reform program — combining performance pay with teacher observation and feedback — implemented in high-need schools on students’ longer-run educational, criminal justice, and economic self-sufficiency outcomes. Using linked administrative data from a Southern state, we leverage the quasi-randomness of the timing of program adoption across schools to show that the school reform improved educational attainment and reduced both felony criminal activity before age 19 and dependence on government assistance in early adulthood (ages 18–22). We find little scope for student sorting or changes in the composition of teacher workforce to explain the findings, and instead find changes in school climate consistent with improved school environments and increased teacher efficiency. Program benefits far exceeded its costs. A comparison with a similar educator-focused reform suggests that the individual incentive component of the program is necessary but not sufficient to improve student outcomes.",http://www.sciencedirect.com/science/article/pii/S0047272725002609
