journal,year,title,authors,abstract,url
Journal of the American Statistical Association,2026,The ICML 2023 Ranking Experiment: Examining Author Self-Assessment in ML/AI Peer Review,"Buxin Su, Jiayao Zhang, Natalie Collina, Yuling Yan, Didong Li, Kyunghyun Cho, Jianqing Fan, Aaron Roth and Weijie Su","We conducted an experiment during the review process of the 2023 International Conference on Machine Learning (ICML), asking authors with multiple submissions to rank their papers based on perceived quality. In total, we received 1342 rankings, each from a different author, covering 2592 submissions. In this article, we present an empirical analysis of how author-provided rankings could be leveraged to improve peer review processes at machine learning conferences. We focus on the Isotonic Mechanism, which calibrates raw review scores using the author-provided rankings. Our analysis shows that these ranking-calibrated scores outperform the raw review scores in estimating the ground truth “expected review scores” in terms of both squared and absolute error metrics. Furthermore, we propose several cautious, low-risk applications of the Isotonic Mechanism and author-provided rankings in peer review, including supporting senior area chairs in overseeing area chairs’ recommendations, assisting in the selection of paper awards, and guiding the recruitment of emergency reviewers. Supplementary materials for this article are available online, including a standardized description of the materials available for reproducing the work.",http://hdl.handle.net/10.1080/01621459.2025.2510006
Journal of the American Statistical Association,2026,A Discussion on “The ICML 2023 Ranking Experiment: Examining Author Self-Assessment in ML/AI Peer Review”,Dinghuai Zhang and Yoshua Bengio,,http://hdl.handle.net/10.1080/01621459.2025.2549338
Journal of the American Statistical Association,2026,Discussion of “The ICML 2023 Ranking Experiment” by Su et al,Andreas Haupt and Sanmi Koyejo,,http://hdl.handle.net/10.1080/01621459.2025.2588464
Journal of the American Statistical Association,2026,Comments: Can Statistics and AI Technologies Help Our Troubled Review System?,Xiao-Li Meng,,http://hdl.handle.net/10.1080/01621459.2026.2657554
Journal of the American Statistical Association,2026,From Authors to Reviewers: Leveraging Rankings to Improve Peer Review,Weichen Wang and Chengchun Shi,,http://hdl.handle.net/10.1080/01621459.2025.2568056
Journal of the American Statistical Association,2026,Discussion of “The ICML 2023 Ranking Experiment: Examining Author Self-Assessment in ML/AI Peer Review”,Ying Wang and Mengye Ren,,http://hdl.handle.net/10.1080/01621459.2026.2638494
Journal of the American Statistical Association,2026,Discussion of “The ICML 2023 Ranking Experiment: Examining Author Self-Assessment in ML/AI Peer Review”,Linjun Zhang and Lexin Li,,http://hdl.handle.net/10.1080/01621459.2025.2612634
Journal of the American Statistical Association,2026,Rejoinder: The ICML 2023 Ranking Experiment: Examining Author Self-Assessment in ML/AI Peer Review,"Buxin Su, Jiayao Zhang, Natalie Collina, Yuling Yan, Didong Li, Kyunghyun Cho, Jianqing Fan, Aaron Roth and Weijie Su",,http://hdl.handle.net/10.1080/01621459.2026.2672763
Journal of the American Statistical Association,2026,The Impact of Job Stability on Monetary Poverty in Italy: Causal Small Area Estimation,"Katarzyna Reluga, Dehan Kong, Setareh Ranjbar, Nicola Salvati and Mark van der Laan","Job stability—encompassing secure contracts, adequate wages, social benefits, and career opportunities—is a critical determinant in reducing monetary poverty, as it provides households with reliable income and enhances economic well-being. This study draws on EU-SILC survey and census data to estimate the causal effect of job stability on monetary poverty across Italian provinces, quantifying its influence, and analyzing regional disparities. We introduce a novel causal small area estimation (CSAE) framework that integrates global and local estimation strategies for heterogeneous treatment effect estimation, effectively addressing data sparsity at the provincial level. Furthermore, we develop a general bootstrap scheme to construct reliable confidence intervals, applicable regardless of the method used for estimating nuisance parameters. Extensive simulation studies demonstrate that our proposed estimators outperform classical causal inference methods in terms of stability while maintaining computational scalability for large datasets. Applying this methodology to real-world data, we uncover significant relationships between job stability and poverty in six Italian regions, offering critical insights into regional disparities and their implications for evidence-based policy design. Supplementary materials for this article are available online, including a standardized description of the materials available for reproducing the work.",http://hdl.handle.net/10.1080/01621459.2025.2596297
Journal of the American Statistical Association,2026,Emerging Knowledge Trend in Statistical Research: A Content-Based Analysis Using Covariate-Assisted Dynamic Topic Model,"Chenxuan He, Feifei Wang and Liping Zhu","Exploring the emerging knowledge trends within a particular discipline is of great interest to scientific researchers. It helps researchers to understand the historical development of their disciplines and to guide their future research directions. In this work, we focus on the fast-developing discipline, statistics, to investigate its knowledge trend and emerging topics in statistical research. To this end, we collect publications in top-tier statistical journals and statistical-related conferences, and develop a covariate-assisted dynamic topic model (CDTM). It captures the dynamic evolution of topics in statistical publications and also finds the time-varying effects of covariates on topic discussions. To estimate CDTM, a variational inference procedure is applied. The theoretical properties are studied and finite-sample performance is evaluated through simulation experiments. Last, we apply CDTM to the collected academic data. We highlight the advantages of CDTM over other alternative methods and uncover topics that characterize the evolution of statistical knowledge over the past four decades. We also observe that certain research topics in statistics are increasingly aligning with advancements in artificial intelligence. Based on these findings, we gain valuable insights into the historical progression of statistical research, which enables us to better anticipate future trends and guide innovation in the field. Supplementary materials for this article are available online, including a standardized description of the materials available for reproducing the work.",http://hdl.handle.net/10.1080/01621459.2025.2602833
Journal of the American Statistical Association,2026,SurvSTAAR: A Powerful Statistical Framework for Rare Variant Analysis of Time-to-Event Traits in Large-Scale Whole-Genome Sequencing Studies,"Yidan Cui, Shiyang Ma, Yuxin Yuan, Nengjie Zhu, Haifeng Chen, Ting Wei, Zilin Li, Xihao Li and Zhangsheng Yu","The increasing availability of large-scale, population-based whole-genome sequencing (WGS) data enables comprehensive analyses of rare genetic variants, which are crucial for unraveling the genetic mechanisms underlying complex traits and diseases. Time-to-event traits offer the advantage of capturing both diagnosis status and timing, facilitating the identification of genetic variants associated with age of onset, disease progression, and lifespan. However, existing methods primarily focus on quantitative and binary traits, which do not leverage censored time information and have limitations in detecting rare variants associated with disease progression. Here we propose SurvSTAAR, a powerful and comprehensive statistical framework for time-to-event traits in large-scale WGS studies, offering a computationally scalable analytical pipeline for analyzing rare coding and noncoding variants. SurvSTAAR accounts for sample relatedness, population structure, heavily censored traits, and further empowers rare variant association analysis by incorporating functional annotations. We applied SurvSTAAR to analyze the time-to-event trait of Alzheimer’s disease (AD) in 458,773 related samples from the UK Biobank WGS data. We identified putatively novel associations with AD in both coding and noncoding regions and further explored their potential role in disease progression by assessing their effects on protein function, including amino acid changes, structural modifications, and domain disruptions. Supplementary materials for this article are available online, including a standardized description of the materials available for reproducing the work.",http://hdl.handle.net/10.1080/01621459.2025.2606388
Journal of the American Statistical Association,2026,Subtype-Aware Registration of Longitudinal Electronic Health Records,"Xin Gai, Shiyi Jiang and Anru R. Zhang","Electronic Health Records (EHRs) contain extensive patient information that can inform downstream clinical decisions, such as mortality prediction, disease phenotyping, and disease onset prediction. A key challenge in EHR data analysis is the temporal gap between when a condition is first recorded and its actual onset time. Such timeline misalignment can lead to artificially distinct biomarker trends among patients with similar disease progression, undermining the reliability of downstream analyses and complicating tasks such as disease subtyping and outcome prediction. To address this challenge, we provide a subtype-aware timeline registration method that leverages data projection and discrete optimization to correct timeline misalignment. Through simulation and real-world data analyses, we demonstrate that the proposed method effectively aligns distorted observed records with the true disease progression patterns, enhancing subtyping clarity and improving performance in downstream clinical analyses. Supplementary materials for this article are available online, including a standardized description of the materials available for reproducing the work.",http://hdl.handle.net/10.1080/01621459.2026.2613464
Journal of the American Statistical Association,2026,Analyzing Cross-Trait Genetic Architecture with the BIGA Cloud Computing Platform,"Yujue Li, Fei Xue, Bingxuan Li, Yilin Yang, Zirui Fan, Juan Shu, Xiaochen Yang, Xiyao Wang, Jinjie Lin, Carlos Copana and Bingxin Zhao","As large-scale biobanks provide increasing access to deep phenotyping and genomic data, genome-wide association studies (GWAS) are rapidly uncovering the genetic architecture behind various complex traits and diseases. GWAS publications typically make their summary-level data (GWAS summary statistics) publicly available, enabling further exploration of genetic overlaps between phenotypes gathered from different studies and cohorts. However, systematically analyzing high-dimensional GWAS summary statistics for thousands of phenotypes can be both logistically challenging and computationally demanding. In this article, we introduce BIGA (https://bigagwas.org/), a website that aims to offer unified data analysis pipelines and processed data resources for cross-trait genetic architecture analyses. We have curated over 15,000 phenotypes and integrated four statistical genetics tools to support cloud-based batch-running for various cross-trait data analyses. Additionally, we developed a novel online query function for GWAS summary statistics, linking to over 30,000 harmonized datasets in the GWAS Catalog. Through BIGA, users can upload their own data, query data online without local downloads, submit jobs, and share results, providing the research community with a convenient tool for consolidating GWAS data and generating new insights. Supplementary materials for this article are available online, including a standardized description of the materials available for reproducing the work.",http://hdl.handle.net/10.1080/01621459.2026.2615068
Journal of the American Statistical Association,2026,Heterogeneous Gene Network Estimation for Single-Cell Transcriptomic Data via a Joint Regularized Deep Neural Network,"Jingyuan Yang, Tao Li, Tianyi Wang, Shuangge Ma and Mengyun Wu","Estimation of intracellular gene networks has been a critical component of single-cell transcriptomic data analysis, which can provide crucial insights into the complex interplay between genes, facilitating the discovery of the biological basis of human life at single-cell resolution. Despite notable achievements, existing methodologies often falter in their practicality, primarily due to their narrow focus on simplistic linear relationships and inadequate handling of cellular heterogeneity. To bridge these gaps, we propose a joint regularized deep neural network method incorporating Mahalanobis distance-based K-means clustering (JRDNN-KM) to estimate multiple networks for various cell subgroups simultaneously, accounting for both unknown cellular heterogeneity and zero inflation, and, more importantly, complex nonlinear relationships among genes. We introduce an innovative selection layer for network construction, along with hidden layers that include both shared and subgroup-specific neurons, to capture common patterns and subgroup-specific variations across networks. Applied to real single-cell transcriptomic data from multiple tissues and species, JRDNN-KM demonstrates higher accuracy and biological interpretability in network estimation, and more accurately identifies cell subgroups compared to current state-of-the-art methods. Building on network construction, we further find hub genes with important biological implications and modules with statistical enrichment of biological processes. Supplementary materials for this article are available online, including a standardized description of the materials available for reproducing the work.",http://hdl.handle.net/10.1080/01621459.2026.2615185
Journal of the American Statistical Association,2026,Bayesian Phase 1–2 Designs with Adaptive Rules for Staggering Patient Entry,"Shuqi Wang, Peter F. Thall, Ying Yuan and Suyu Liu","For first-in-human dose-finding trials, to protect patient safety, regulatory agencies may enforce strict within-cohort staggering rules that require delaying treatment of each patient in the first cohort at an untried dose until dose-limiting toxicities (DLTs) of all previously treated patients have been evaluated. Consequently, many new patients may face therapy delays, which reduces their probability of achieving a response due to disease progression, or be treated off-protocol, which may significantly extend trial duration. To address this, we propose a Bayesian phase 1–2 design, Adaptive Stagger, that reduces delays while protecting patients by making adaptive within-cohort staggering decisions. Adaptive Stagger exploits the relationship between the number of low-grade toxicities and DLT, and accounts for the risk of disease progression. A utility function is used to quantify the tradeoff between DLT and response, with a patient’s treatment delayed only if it has greater expected utility than immediate treatment at the current recommended dose, or the current dose fails a safety requirement. Otherwise, the patient is treated without delay at the current dose. Simulations show that, compared to a design with strict within-cohort staggering rules, Adaptive Stagger improves safety slightly, increases the optimal dose selection rate, and substantially shortens trial duration. The design is illustrated by a trial of CD70 natural killer cells for treating hematologic malignancies. Supplementary materials for this article are available online, including a standardized description of the materials available for reproducing the work.",http://hdl.handle.net/10.1080/01621459.2026.2624839
Journal of the American Statistical Association,2026,Factorial Difference-in-Differences,"Yiqing Xu, Anqi Zhao and Peng Ding","We formulate factorial difference-in-differences (FDID), a research design that extends canonical difference-in-differences (DID) to settings in which an event affects all units. In many panel data applications, researchers exploit cross-sectional variation in a baseline factor alongside temporal variation in the event, but the corresponding estimand is often implicit and the justification for applying the DID estimator remains unclear. We frame FDID as a factorial design with two factors, the baseline factor G and the exposure level Z, and define effect modification and causal moderation as the associative and causal effects of G on the effect of Z, respectively. Under standard DID assumptions of no anticipation and parallel trends, the DID estimator identifies effect modification but not causal moderation. Identifying the latter requires an additional factorial parallel trends assumption, that is, mean independence between G and potential outcome trends. We extend the framework to conditionally valid assumptions and regression-based implementations, and further to repeated cross-sectional data and continuous G. We demonstrate the framework with an empirical application on the role of social capital in famine relief in China. Supplementary materials for this article are available online, including a standardized description of the materials available for reproducing the work.",http://hdl.handle.net/10.1080/01621459.2026.2628343
Journal of the American Statistical Association,2026,An AI-powered Bayesian Generative Modeling Approach for Causal Inference in Observational Studies,Qiao Liu and Wing Hung Wong,"Causal inference in observational studies with high-dimensional covariates presents significant challenges. We introduce CausalBGM, an AI-powered Bayesian generative modeling approach that captures the causal relationship among covariates, treatment, and outcome. The core innovation is to estimate the individual treatment effect (ITE) by learning the individual-specific distribution of a low-dimensional latent feature set (e.g., latent confounders) that drives changes in both treatment and outcome. This individualized posterior representation yields estimates of the individual treatment effect (ITE) together with well-calibrated posterior intervals while mitigating confounding effect. CausalBGM is fitted through an iterative algorithm to update the model parameters and the latent features until convergence. This framework leverages the power of AI to capture complex dependencies among variables while adhering to the Bayesian principles. Extensive experiments demonstrate that CausalBGM achieves superior or competitive performance compared to state-of-the-art methods, particularly in scenarios with high-dimensional covariates and large-scale datasets. By addressing key limitations of existing methods, CausalBGM emerges as a robust and promising framework for advancing causal inference in a wide range of modern applications. The code for CausalBGM is available at https://github.com/liuq-lab/bayesgm. The document for CausalBGM is available at https://bayesgm.readthedocs.io. Supplementary materials for this article are available online, including a standardized description of the materials available for reproducing the work.",http://hdl.handle.net/10.1080/01621459.2026.2654227
Journal of the American Statistical Association,2026,Mini-batch Estimation for Deep Cox Models: Statistical Foundations and Practical Guidance,"Lang Zeng, Weijing Tang, Zhao Ren and Ying Ding","The stochastic gradient descent (SGD) algorithm has been widely used to optimize deep Cox neural network (Cox-NN) by updating model parameters using mini-batches of data. We show that SGD aims to optimize the average of mini-batch partial-likelihood, which is different from the standard partial-likelihood. This distinction requires developing new statistical properties for the global optimizer, namely, the mini-batch maximum partial-likelihood estimator (mb-MPLE). We establish that mb-MPLE for Cox-NN is consistent and achieves the optimal minimax convergence rate up to a polylogarithmic factor. For Cox regression with linear covariate effects, we further show that mb-MPLE is n-consistent and asymptotically normal with asymptotic variance approaching the information lower bound as batch size increases, which is confirmed by simulation studies. Additionally, we offer practical guidance on using SGD, supported by theoretical analysis and numerical evidence. For Cox-NN, we demonstrate that the ratio of the learning rate to the batch size is critical in SGD dynamics, offering insight into hyperparameter tuning. For Cox regression, we characterize the iterative convergence of SGD, ensuring that the global optimizer, mb-MPLE, can be approximated with sufficiently many iterations. Finally, we demonstrate the effectiveness of mb-MPLE in a large-scale real-world application where the standard MPLE is intractable. Supplementary materials for this article are available online, including a standardized description of the materials available for reproducing the work.",http://hdl.handle.net/10.1080/01621459.2026.2644611
Journal of the American Statistical Association,2026,"Learning When the Concept Shifts: Confounding, Invariance, and Dimension Reduction","Kulunu Dharmakeerthi, YoonHaeng Hur and Tengyuan Liang","Practitioners often face the challenge of deploying prediction models in new environments with shifted distributions of covariates and responses. With observational data, such shifts are often driven by unobserved confounding, and can in fact alter the concept of which model is best. This article studies distribution shifts in the domain adaptation problem with unobserved confounding. We postulate a linear structural causal model to account for endogeneity and unobserved confounding, and we leverage exogenous invariant covariate representations to cure concept shifts and improve target prediction. We propose a data-driven representation learning method that optimizes for a lower-dimensional linear subspace and a prediction model confined to that subspace. This method operates on a non-convex objective—that interpolates between predictability and stability—constrained to the Stiefel manifold, using an analog of projected gradient descent. We analyze the optimization landscape and prove that, provided sufficient regularization, nearly all local optima align with an invariant linear subspace resilient to distribution shifts. This method achieves a nearly ideal gap between target and source risk. We validate the method and theory with real-world datasets to illustrate the tradeoffs between predictability and stability. Supplementary materials for this article are available online, including a standardized description of the materials available for reproducing the work.",http://hdl.handle.net/10.1080/01621459.2026.2656457
Journal of the American Statistical Association,2026,Efficient Human-in-the-Loop Active Learning: A Novel Framework for Data Labeling in AI Systems,"Yiran Huang, Jian-Feng Yang and Haoda Fu","Modern AI systems rely heavily on labeled data, yet labeling is often expensive and labor-intensive, especially when requiring special skills such as reading radiology images by physicians. To most efficiently use experts’ time for data labeling, one promising approach is human-in-the-loop active learning. However, traditional active learning methods are limited to single-label queries and fail to leverage more flexible query types in many real-world settings. In this work, we propose a novel active learning framework with significant potential for application in modern AI systems. This framework incorporates different query schemes and jointly determines which question to ask and which data points to query. We also introduce a method to integrate full and partial information obtained from these diverse queries. In addition, we develop an innovative model-agnostic exploration and exploitation framework to filter out redundant samples. Experiments on five datasets, including two real-world image datasets, demonstrate that the proposed framework substantially outperforms all other methods. These results highlight the framework’s promise for applications across a range of scientific domains. Supplementary materials for this article are available online, including a standardized description of the materials available for reproducing the work.",http://hdl.handle.net/10.1080/01621459.2026.2656455
Journal of the American Statistical Association,2026,Distributional Off-Policy Evaluation with Deep Quantile Process Regression,"Qi Kuang, Chao Wang, Yuling Jiao and Fan Zhou","This article investigates the off-policy evaluation (OPE) problem from a distributional perspective. Rather than focusing solely on the expectation of the total return, as in most existing OPE methods, we aim to estimate the entire return distribution. To this end, we introduce a quantile-based approach for OPE using deep quantile process regression, presenting a novel algorithm called Deep Quantile Process regression-based Off-Policy Evaluation (DQPOPE). We provide new theoretical insights into the deep quantile process regression technique, extending existing approaches from estimating discrete quantiles to estimating a continuous quantile function. A key contribution of our work is the rigorous sample complexity analysis for distributional OPE with deep neural networks, bridging theoretical analysis with practical algorithmic implementations. We show that DQPOPE achieves statistical advantages by estimating the full return distribution using the same sample size required to estimate a single policy value using conventional methods. Empirical studies further show that DQPOPE provides significantly more precise and robust policy value estimates than standard methods, thereby enhancing the practical applicability and effectiveness of distributional reinforcement learning approaches. Supplementary materials for this article are available online, including a standardized description of the materials available for reproducing the work.",http://hdl.handle.net/10.1080/01621459.2026.2671449
Journal of the American Statistical Association,2026,Low-Rank Contextual Reinforcement Learning from Heterogeneous Human Feedback,"Seong Jin Lee, Will Wei Sun and Yufeng Liu","Reinforcement learning from human feedback (RLHF) has become a cornerstone for aligning large language models with human preferences. However, the heterogeneity of human feedback, driven by diverse individual contexts and preferences, poses significant challenges for reward learning. To address this, we propose a Low-rank Contextual RLHF (LoCo-RLHF) framework that integrates contextual information to better model heterogeneous feedback while maintaining computational efficiency. Our approach builds on a contextual preference model, leveraging the intrinsic low-rank structure of the interaction between user contexts and query-answer pairs to mitigate the high dimensionality of feature representations. Furthermore, we address the challenge of distributional shifts in feedback through our Pessimism in Reduced Subspace (PRS) policy, inspired by pessimistic offline reinforcement learning techniques. We theoretically demonstrate that our policy achieves a tighter sub-optimality gap compared to existing methods. Extensive experiments, ranging from synthetic simulations to an analysis of the real-world PersonalLLM benchmark, validate the effectiveness of LoCo-RLHF and demonstrate its superior performance in personalized settings. Supplementary materials for this article are available online, including a standardized description of the materials available for reproducing the work.",http://hdl.handle.net/10.1080/01621459.2026.2674413
Journal of the American Statistical Association,2026,"Deep P-Spline: Theory, Fast Tuning, and Application","Noah Yi-Ting Hung, Li-Hsiang Lin and Vince D. Calhoun","Deep neural networks (DNNs) have been widely applied to solve real-world regression problems. However, selecting optimal network structures remains a significant challenge. This study addresses this issue by linking neuron selection in DNNs to knot placement in basis expansion techniques. We introduce a difference penalty that automates knot selection, thereby simplifying the complexities of neuron selection. We name this method Deep P-Spline (DPS). This approach extends the class of models considered in conventional DNN modeling and forms the basis for a latent variable modeling framework using the Expectation-Conditional Maximization (ECM) algorithm for efficient network structure tuning with theoretical guarantees. From a nonparametric regression perspective, DPS is proven to overcome the curse of dimensionality, enabling the effective handling of datasets with a large number of input variables—a scenario where conventional nonparametric regression methods typically underperform. This capability motivates the application of the proposed methodology to computer experiments and image data analyses, where the associated regression problems involving numerous inputs are common. Numerical results validate the effectiveness of the model, underscoring its potential for advanced nonlinear regression tasks. Supplementary materials for this article are available online, including a standardized description of the materials available for reproducing the work.",http://hdl.handle.net/10.1080/01621459.2026.2671447
Journal of the American Statistical Association,2026,Winner’s Curse Free Robust Mendelian Randomization with Summary Data,"Zhongming Xie, Wanheng Zhang, Jingshen Wang and Chong Wu","In the past decade, the increased availability of genome-wide association studies summary data has popularized Mendelian Randomization (MR) for conducting causal inference. MR analyses, incorporating genetic variants as instrumental variables, are known for their robustness against reverse causation bias and unmeasured confounders. Nevertheless, classical MR analyses using summary data may still produce biased causal effect estimates due to the winner’s curse and pleiotropy issues. To address these two issues and establish valid causal conclusions, we propose a unified robust Mendelian Randomization framework with summary data, which systematically removes the winner’s curse and screens out invalid genetic instruments with pleiotropic effects. Unlike existing robust MR literature, our framework delivers valid statistical inference on the causal effect without requiring the genetic pleiotropy effects to follow any parametric distribution or relying on perfect instrument screening property. Under appropriate conditions, we demonstrate that our proposed estimator converges to a normal distribution, and its variance can be well estimated. We demonstrate the performance of our proposed estimator through Monte Carlo simulations and two case studies. The corresponding R package MRcare is available at https://chongwulab.github.io/MRcare/. Supplementary materials for this article are available online, including a standardized description of the materials available for reproducing the work.",http://hdl.handle.net/10.1080/01621459.2025.2587321
Journal of the American Statistical Association,2026,Risk-Sensitive Deep RL: Variance-Constrained Actor-Critic Provably Finds Globally Optimal Policy,"Han Zhong, Xun Deng, Ethan X. Fang, Zhuoran Yang, Zhaoran Wang and Runze Li","While deep reinforcement learning has achieved tremendous successes in various applications, most existing works focus on maximizing the expected value of total return and ignore its inherent stochasticity. Such stochasticity is also known as the aleatoric uncertainty and is closely related to the notion of risk. This work makes the first attempt to study risk-sensitive deep reinforcement learning under the average reward setting with the variance risk criteria. Particularly, we focus on a variance-constrained policy optimization problem where the goal is to find a policy that maximizes the expected value of the long-run average reward, subject to a constraint that the long-run variance of the average reward is upper bounded by a threshold. Using Lagrangian and Fenchel dualities, we transform the original problem into an unconstrained saddle-point policy optimization problem, and propose an actor-critic algorithm that iteratively and efficiently updates the policy, the Lagrange multiplier, and the Fenchel dual variable. When both the value and policy functions are represented by multi-layer overparameterized neural networks, we prove that our actor-critic algorithm generates a sequence of policies that finds a globally optimal policy at a sublinear rate. We conduct numerical studies using four simulation environments to back up the theoretical results. Supplementary materials for this article are available online, including a standardized description of the materials available for reproducing the work.",http://hdl.handle.net/10.1080/01621459.2025.2583501
Journal of the American Statistical Association,2026,Efficient Distributed Learning over Decentralized Networks with Convoluted Support Vector Machine,"Canyi Chen, Nan Qiao and Liping Zhu","This article concerns efficiently classifying high-dimensional data over decentralized networks. Penalized support vector machines (SVMs) are widely used for high-dimensional classification tasks. However, the double nonsmoothness of the objective function poses significant challenges in developing efficient decentralized learning methods. Existing approaches frequently suffer from slow, sublinear convergence rates. To address this issue, we consider a convolution-based smoothing technique for the nonsmooth hinge loss function. This results in a loss function that is both convex and smooth. We then develop an efficient generalized alternating direction method of multipliers (ADMM) algorithm to solve penalized SVMs in decentralized networks. Our theoretical contributions are twofold. First, we demonstrate that our generalized ADMM algorithm achieves linear convergence with a straightforward implementation. Second, we show that, after a sufficient number of ADMM iterations, the final sparse estimate attains the optimal statistical convergence rate and accurately recovers the true support of the underlying parameters. Extensive numerical experiments on both synthetic and real-world datasets validate our theoretical findings. Supplementary materials for this article are available online, including a standardized description of the materials available for reproducing the work.",http://hdl.handle.net/10.1080/01621459.2025.2550671
Journal of the American Statistical Association,2026,Conjugate Gradient Methods for High-Dimensional GLMMs,"Andrea Pandolfi, Omiros Papaspiliopoulos and Giacomo Zanella","Generalized linear mixed models (GLMMs) are a widely used tool in statistical analysis. The main bottleneck of many computational approaches lies in the inversion of the high dimensional precision matrices associated with the random effects. Such matrices are typically sparse; however, the sparsity pattern resembles a multi partite random graph, which does not lend itself well to default sparse linear algebra techniques. Notably, we show that, for typical GLMMs, the Cholesky factor is dense even when the original precision is sparse. We thus turn to approximate iterative techniques, in particular to the conjugate gradient (CG) method. We combine a detailed analysis of the spectrum of said precision matrices with results from random graph theory to show that CG-based methods applied to high-dimensional GLMMs typically achieve a fixed approximation error with a total cost that scales linearly with the number of parameters and observations. Numerical illustrations with both real and simulated data confirm the theoretical findings, while at the same time illustrating situations, such as nested structures, where CG-based methods struggle. Supplementary materials for this article are available online, including a standardized description of the materials available for reproducing the work.",http://hdl.handle.net/10.1080/01621459.2025.2573522
Journal of the American Statistical Association,2026,Differentially Private Sliced Inverse Regression: Minimax Optimality and Algorithm,"Xintao Xia, Linjun Zhang and Zhanrui Cai","Privacy preservation has become a critical concern in high-dimensional data analysis due to the growing prevalence of data-driven applications. Since its proposal, sliced inverse regression has emerged as a widely used statistical technique to reduce the dimensionality of covariates while maintaining sufficient statistical information. In this paper, we propose optimally differentially private algorithms specifically designed to address privacy concerns in the context of sufficient dimension reduction. We establish lower bounds for differentially private sliced inverse regression in low and high dimensional settings. Moreover, we develop differentially private algorithms that achieve the minimax lower bounds up to logarithmic factors. Through a combination of simulations and real data analysis, we illustrate the efficacy of these differentially private algorithms in safeguarding privacy while preserving vital information within the reduced dimension space. As a natural extension, we can readily offer analogous lower and upper bounds for differentially private sparse principal component analysis, a topic that may also be of potential interest to the statistics and machine learning community. Supplementary materials for this article are available online, including a standardized description of the materials available for reproducing the work.",http://hdl.handle.net/10.1080/01621459.2025.2555059
Journal of the American Statistical Association,2026,Conditional Data Synthesis Augmentation,Xinyu Tian and Xiaotong Shen,"Reliable machine learning and statistical analysis rely on diverse, well-distributed training data. However, real-world datasets are often limited in size and exhibit underrepresentation across key subpopulations, leading to biased predictions and reduced performance, particularly in supervised tasks such as classification. To address these challenges, we propose Conditional Data Synthesis Augmentation (CoDSA), a novel framework that leverages generative models, such as diffusion models, to synthesize high-fidelity data for improving model performance across multimodal domains, including tabular, textual, and image data. CoDSA generates synthetic samples that faithfully capture the conditional distributions of the original data, with a focus on under-sampled or high-interest regions. Through transfer learning, CoDSA fine-tunes pre-trained generative models to enhance the realism of synthetic data and increase sample density in sparse areas. This process preserves inter-modal relationships, mitigates data imbalance, improves domain adaptation, and boosts generalization. We also introduce a theoretical framework that quantifies the statistical accuracy improvements enabled by CoDSA as a function of synthetic sample volume and targeted region allocation, providing formal guarantees of its effectiveness. Extensive experiments demonstrate that CoDSA consistently outperforms non-adaptive augmentation strategies and state-of-the-art baselines in both supervised and unsupervised settings. Supplementary materials for this article are available online, including a standardized description of the materials available for reproducing the work.",http://hdl.handle.net/10.1080/01621459.2025.2586772
Journal of the American Statistical Association,2026,Reconstruct Ising Model With Global Optimality via SLIDE,"Xuanyu Chen, Jin Zhu, Junxian Zhu, Xueqin Wang and Heping Zhang","The reconstruction of interaction networks between random events is a critical problem arising from statistical physics and politics, sociology, biology, psychology, and beyond. The Ising model lays the foundation for this reconstruction process, but finding the underlying Ising model from the least amount of observed samples in a computationally efficient manner has been historically challenging for half a century. Using sparsity learning, we present an approach named SLIDE whose sample complexity is globally optimal. Furthermore, an algorithm is developed to give a statistically consistent solution of SLIDE in polynomial time with high probability. On extensive benchmarked cases, the SLIDE approach demonstrates dominant performance in reconstructing underlying Ising models, confirming its superior statistical properties. The application on the U.S. senators voting in the six congresses reveals that both the Republicans and Democrats noticeably assemble in each congress; interestingly, the assembling of Democrats is particularly pronounced in the latest congress. Supplementary materials for this article are available online, including a standardized description of the materials available for reproducing the work.",http://hdl.handle.net/10.1080/01621459.2025.2571245
Journal of the American Statistical Association,2026,Transfer Learning Under Large-Scale Low-Rank Regression Models,"Seyoung Park, Eun Ryung Lee, Hyunjin Kim and Hongyu Zhao","In high-dimensional multiple response regression problems, the large dimensionality of the coefficient matrix poses a challenge to parameter estimation. To address this challenge, low-rank matrix estimation methods have been developed to facilitate parameter estimation in the high-dimensional regime, where the number of parameters increases with sample size. Despite these methodological advances, accurately predicting multiple responses with limited target data remains a difficult task. To gain statistical power, the use of diverse datasets from source domains has emerged as a promising approach. In this article, we focus on the problem of transfer learning in a high-dimensional multiple response regression framework, which aims to improve estimation accuracy by transferring knowledge from informative source datasets. To reduce potential performance degradation due to the transfer of knowledge from irrelevant sources, we propose a novel transfer learning procedure including the forward selection of informative source sets. In particular, our forward source selection method is new compared to existing transfer learning framework, offering deeper theoretical insights and substantial methodological innovations. Theoretical results show that the proposed estimator achieves a faster convergence rate than the single-task penalized estimator using only target data. In addition, we develop an alternative transfer learning based on non-convex penalization to ensure rank consistency. Through simulations and real data experiments, we provide empirical evidence for the effectiveness of the proposed method and for its superiority over other methods. Supplementary materials for this article are available online, including a standardized description of the materials available for reproducing the work.",http://hdl.handle.net/10.1080/01621459.2025.2555057
Journal of the American Statistical Association,2026,Covariate-Elaborated Robust Partial Information Transfer with Conditional Spike-and-Slab Prior,"Ruqian Zhang, Yijiao Zhang, Juan Shen, Zhongyi Zhu and Annie Qu","The popularity of transfer learning stems from the fact that it can borrow information from useful auxiliary datasets. Existing statistical transfer learning methods usually adopt a global similarity measure between the source data and the target data, which may lead to inefficiency when only partial information is shared. In this article, we propose a novel Bayesian transfer learning method named “CONCERT” to allow robust partial information transfer for high-dimensional data analysis. A conditional spike-and-slab prior is introduced in the joint distribution of target and source parameters for information transfer. By incorporating covariate-specific priors, we can characterize partial similarities and integrate source information collaboratively to improve the performance on the target. In contrast to existing work, the CONCERT is a one-step procedure which achieves variable selection and information transfer simultaneously. We establish variable selection consistency, as well as estimation and prediction error bounds for CONCERT. Our theory demonstrates the covariate-specific benefit of transfer learning. To ensure the scalability of the algorithm, we adopt the variational Bayes framework to facilitate implementation. Extensive experiments and two real data applications showcase the validity and advantages of CONCERT over existing cutting-edge transfer learning methods. Supplementary materials for this article are available online, including a standardized description of the materials available for reproducing the work.",http://hdl.handle.net/10.1080/01621459.2025.2591232
Journal of the American Statistical Association,2026,Factor-Adjusted Model Averaging,Wenhui Li and Xinyu Zhang,"We propose a model averaging method for high-dimensional regression with highly correlated covariates. We use a factor structure to model the covariate dependence, allowing the covariates to be decomposed into two uncorrelated or weakly correlated latent components: common factors and idiosyncratic components. The number of common factors is allowed to diverge. We average estimators from factor-adjusted candidate models with augmented predictors composed of estimated common factors and idiosyncratic components. We prove the asymptotic optimality in the sense of achieving the lowest squared loss and the consistency when correctly specified models exist in the model space. Numerical experiments and a real-data analysis illustrate the promising performance of the proposed method. Supplementary materials for this article are available online, including a standardized description of the materials available for reproducing the work.",http://hdl.handle.net/10.1080/01621459.2025.2576188
Journal of the American Statistical Association,2026,Factor Augmented Matrix Regression,"Elynn Chen, Jianqing Fan and Xiaonan Zhu","We introduce Factor-Augmented Matrix Regression (FAMAR) to address the growing applications of matrix-variate data and their associated challenges, particularly with high-dimensionality and covariate correlations. FAMAR encompasses two key algorithms. The first is a novel non-iterative approach that efficiently estimates the factors and loadings of the matrix factor model, using techniques of pre-training, diverse projection, and block-wise averaging. The second algorithm offers an accelerated solution for penalized matrix factor regression. Both algorithms are supported by established statistical and numerical convergence properties. Empirical evaluations conducted on synthetic and real economics datasets demonstrate FAMAR’s superiority in terms of accuracy, interpretability, and computational speed. An application to economic data showcases how matrix factors can be incorporated to predict the GDPs of the countries of interest and the influence of these factors on the GDPs. Supplementary materials for this article are available online, including a standardized description of the materials available for reproducing the work.",http://hdl.handle.net/10.1080/01621459.2025.2595734
Journal of the American Statistical Association,2026,A Unified Framework for Estimation of High-Dimensional Conditional Factor Models,Qihui Chen,"This article presents a general framework for estimating high-dimensional conditional latent factor models via constrained nuclear norm regularization. We establish large sample properties of the estimators and provide efficient algorithms for their computation. To improve practical applicability, we propose a cross-validation procedure for selecting the regularization parameter. Our framework unifies the estimation of various conditional factor models, enabling the derivation of new asymptotic results while addressing limitations of existing methods, which are often model-specific or restrictive. Empirical analyses of the cross section of individual US stock returns suggest that imposing homogeneity improves the model’s out-of-sample predictability, with our new method outperforming existing alternatives. Supplementary materials for this article are available online, including a standardized description of the materials available for reproducing the work.",http://hdl.handle.net/10.1080/01621459.2025.2591269
Journal of the American Statistical Association,2026,Frequency-Band Estimation of the Number of Factors,"Marco Avarucci, Maddalena Cavicchioli, Mario Forni and Paolo Zaffaroni","We introduce consistent estimators for the number of shocks driving large-dimensional dynamic factor models. Our estimator can be applied to single frequencies and specific frequency bands, making it suitable for disentangling shocks affecting dynamic models with a factor model representation. Noticeably, our estimator requires the time-series and cross-section sizes to diverge simultaneously without any constraint and it is free of nuisance parameters, such as penalization terms. Our methodology appears ideal for macroeconomic analysis, as one can investigate how many shocks drive the business cycle or the long run, although the applicability of our methods is much wider, given the popularity of GDFMs in economics and finance. Its small-sample performance in simulations is excellent. We apply our estimator to the FRED-QD dataset, finding that the U.S. macroeconomy is driven by two shocks: an inflationary demand shock and a deflationary supply shock. Our methodology permits one to accurately estimate the number of shocks that drive medium-sized DSGE models despite their moderate cross-sectional size. Supplementary materials for this article are available online.",http://hdl.handle.net/10.1080/01621459.2025.2571246
Journal of the American Statistical Association,2026,High-Dimensional Spatial Autoregression with Latent Factors by Diversified Projections,"Jiaxin Shi, Xuening Zhu, Jing Zhou, Baichen Yu and Hansheng Wang","We study one particular type of multivariate spatial autoregression (MSAR) model with diverging dimensions in both responses and covariates. This makes the usual MSAR models no longer applicable due to the high computational cost. To address this issue, we propose a factor-augmented spatial autoregression (FSAR) model. FSAR is a special case of MSAR but with a novel factor structure imposed on the high-dimensional random error vector. The latent factors of FSAR are assumed to be of a fixed dimension. Therefore, they can be estimated consistently by the diversified projections method, as long as the dimension of the multivariate response is diverging. Once the fixed-dimensional latent factors are consistently estimated, they are then fed back into the original SAR model and serve as exogenous covariates. This leads to a novel FSAR model. Thereafter, different components of the high-dimensional response can be modeled separately. To handle the high-dimensional feature, a smoothly clipped absolute deviation (SCAD) type penalized estimator is developed for each response component. We show theoretically that the resulting SCAD estimator is uniformly selection consistent, as long as the tuning parameter is selected appropriately. For practical selection of the tuning parameter, a novel BIC method is developed. Extensive numerical studies are conducted to demonstrate the finite sample performance of the proposed method. Supplementary materials for this article are available online, including a standardized description of the materials available for reproducing the work.",http://hdl.handle.net/10.1080/01621459.2025.2562644
Journal of the American Statistical Association,2026,Belted and Ensembled Neural Network for Linear and Nonlinear Sufficient Dimension Reduction,Yin Tang and Bing Li,"We introduce a unified, flexible, and easy-to-implement framework of sufficient dimension reduction that can accommodate both linear and nonlinear dimension reduction, and both the conditional distribution and the conditional mean as the targets of estimation. This unified framework is achieved by a specially structured neural network—the Belted and Ensembled Neural Network (BENN)—that consists of a narrow latent layer, which we call the belt, and a family of transformations of the response, which we call the ensemble. By strategically placing the belt at different layers of the neural network, we can achieve linear or nonlinear sufficient dimension reduction, and by choosing the appropriate transformation families, we can achieve dimension reduction for the conditional distribution or the conditional mean. Moreover, thanks to the advantage of the neural network, the method is very fast to compute, overcoming a computation bottleneck of the traditional sufficient dimension reduction estimators, which involves the inversion of a matrix of dimension either p or n. We develop the algorithm and convergence rate of our method, compare it with existing sufficient dimension reduction methods, and apply it to two data examples. Supplementary materials for this article are available online, including a standardized description of the materials available for reproducing the work.",http://hdl.handle.net/10.1080/01621459.2025.2590775
Journal of the American Statistical Association,2026,Chain-Linked Multiple Matrix Integration via Embedding Alignment,Runbing Zheng and Minh Tang,"Motivated by the increasing demand for multi-source data integration in various scientific fields, in this article we study matrix completion in scenarios where the data exhibits certain block-wise missing structures—specifically, where only a few noisy submatrices representing (overlapping) parts of the full matrix are available. We propose the Chain-linked Multiple Matrix Integration (CMMI) procedure to efficiently combine the information that can be extracted from these individual noisy submatrices. CMMI begins by deriving entity embeddings for each observed submatrix, then aligns these embeddings using overlapping entities between pairs of submatrices, and finally aggregates them to reconstruct the entire matrix of interest. We establish, under mild regularity conditions, entrywise error bounds and normal approximations for the CMMI estimates. Simulation studies and real data applications show that CMMI is computationally efficient and effective in recovering the full matrix, even when overlaps between the observed submatrices are minimal. Supplementary materials for this article are available online, including a standardized description of the materials available for reproducing the work.",http://hdl.handle.net/10.1080/01621459.2025.2550677
Journal of the American Statistical Association,2026,Network Regression and Supervised Centrality Estimation,"Junhui Cai, Dan Yang, Ran Chen, Haipeng Shen, Linda Zhao and Wu Zhu","The centrality in a network is often used to measure nodes’ importance and model network effects on a certain outcome. Empirical studies widely adopt a two-stage procedure, which first estimates the centrality from the observed noisy network and then infers the network effect from the estimated centrality, even though it lacks theoretical understanding. We propose a unified modeling framework to study the properties of centrality estimation and inference and the subsequent network regression analysis with noisy network observations. Furthermore, we propose a supervised centrality estimation methodology, which aims to simultaneously estimate both centrality and network effect. We showcase the advantages of our method compared with the two-stage method both theoretically and numerically via extensive simulations and a case study in predicting currency risk premiums from the global trade network. Supplementary materials for this article are available online, including a standardized description of the materials available for reproducing the work.",http://hdl.handle.net/10.1080/01621459.2026.2632866
Journal of the American Statistical Association,2026,When Does Bottom-Up Beat Top-Down in Hierarchical Community Detection?,"Maximilien Dreveton, Daichi Kuroda, Matthias Grossglauser and Patrick Thiran","Hierarchical community detection consists in finding a tree of communities where deeper levels of the hierarchy reveal finer-grained structures. There are two main classes of algorithms for this task. Divisive (top-down) algorithms recursively partition nodes into smaller communities until a stopping criterion indicates that no further splits are necessary. In contrast, agglomerative (bottom-up) algorithms first identify the smallest community structures and then repeatedly merge the communities by using a linkage method. In this work, we prove that a bottom-up algorithm recovers the hierarchy of a hierarchical stochastic block model (HSBM) when the average degree grows unbounded. We also establish the information-theoretic threshold for exact recovery at intermediate depths of the hierarchy and highlight its significance in understanding the limitations of top-down algorithms. Numerical experiments on both synthetic and real datasets demonstrate the superiority of bottom-up methods. In particular, a notable drawback of top-down algorithms is their tendency to produce dendrograms with inversions. These findings contribute to a better understanding of hierarchical clustering techniques and their applications in network analysis. Supplementary materials for this article are available online, including a standardized description of the materials available for reproducing the work.",http://hdl.handle.net/10.1080/01621459.2025.2569711
Journal of the American Statistical Association,2026,Multivariate Analysis for Multiple Network Data via Semi-Symmetric Tensor PCA,Michael Weylandt and George Michailidis,"Network data are commonly collected in a variety of applications, representing either directly measured or statistically inferred connections between subjects or features of interest. In an increasing number of domains, these networks are collected over time, such as repeated interactions between users of a social media platform, or across multiple subjects, such as in multi-subject neuroimaging studies. When analyzing multiple large networks, dimensionality reduction techniques are often used to embed networks in a more tractable low-dimensional space. To this end, we develop a framework for principal components analysis (PCA) on collections of networks via a specialized tensor decomposition, termed Semi-Symmetric Tensor PCA or SST-PCA, and analyze it theoretically. Notably, we show that SST-PCA achieves the same accuracy as classical matrix PCA, with error proportional to the square root of the number of vertices and not the number of edges as might be expected. Our framework inherits many of the strengths of classical PCA and is suitable for a wide range of unsupervised learning tasks, including identifying principal networks, isolating changepoints and outliers, and for characterizing the “variability network” of the most varying edges. Finally, we demonstrate the effectiveness of SST-PCA in simulation and on an example from empirical social studies. Supplementary materials for this article are available online, including a standardized description of the materials available for reproducing the work.",http://hdl.handle.net/10.1080/01621459.2025.2596288
Journal of the American Statistical Association,2026,Conditional Probability Tensor Decompositions for Multivariate Categorical Response Regression,Aaron J. Molstad and Xin Zhang,"In many modern regression applications, the response consists of multiple categorical random variables whose probability mass is a function of a common set of predictors. In this article, we propose a new method for modeling such a probability mass function in settings where the number of response variables, the number of categories per response, and the dimension of the predictor are large. Our method relies on a functional probability tensor decomposition: a decomposition of a tensor-valued function such that its range is a restricted set of low-rank probability tensors. This decomposition is motivated by the connection between the conditional independence of responses, or lack thereof, and their probability tensor rank. We show that the model implied by such a low-rank functional probability tensor decomposition can be interpreted in terms of a mixture of regressions and can thus be fit using maximum likelihood. We derive an efficient and scalable penalized expectation maximization algorithm to fit this model and examine its statistical properties. We demonstrate the encouraging performance of our method through both simulation studies and an application to modeling the functional classes of genes. Supplementary materials for this article are available online, including a standardized description of the materials available for reproducing the work.",http://hdl.handle.net/10.1080/01621459.2025.2567045
Journal of the American Statistical Association,2026,Policy Learning with Distributional Welfare,Yifan Cui and Sukjin Han,"In this article, we explore optimal treatment allocation policies that target distributional welfare. Most literature on treatment choice has considered utilitarian welfare based on the conditional average treatment effect (ATE). While average welfare is intuitive, it may yield undesirable allocations especially when individuals are heterogeneous (e.g., with outliers)—the very reason individualized treatments were introduced in the first place. This observation motivates us to propose an optimal policy that allocates the treatment based on the conditional quantile of individual treatment effects (QoTE). Depending on the choice of the quantile probability, this criterion can accommodate a policymaker who is either prudent or negligent. The challenge of identifying the QoTE lies in its requirement for knowledge of the joint distribution of the counterfactual outcomes, which is not generally point-identified. We introduce minimax policies that are robust to this model uncertainty. A range of identifying assumptions can be used to yield more informative policies. For both stochastic and deterministic policies, we establish the asymptotic bound on the regret of implementing the proposed policies. The framework can be generalized to any setting where welfare is defined as a functional of the joint distribution of the potential outcomes. Supplementary materials for this article are available online, including a standardized description of the materials available for reproducing the work.",http://hdl.handle.net/10.1080/01621459.2025.2552514
Journal of the American Statistical Association,2026,Dynamic Decision Making With Individualized Variable Selection,"Bryan Cai, Ying Cui, Haoda Fu, Donald M. Lloyd-Jones, Lihui Zhao and Tian Lu","Physicians today have access to a variety of tests for diagnosing and prognosticating medical conditions. Ideally, they would apply a high-quality prediction model using all relevant features to facilitate appropriate decision-making (e.g., treatment selection; risk assessment). However, some of these features incur additional costs and are not readily available to patients and physicians. In practice, predictors are typically gathered sequentially, that is, physicians continually evaluate information dynamically until sufficient information is acquired to make a reasonable confidence decision. More importantly, the prospective information to collect may differ for each patient and depend on the predictor values already known. In this article, we design a novel adaptive prediction rule to determine the optimal order of acquiring features in predicting a clinical outcome of interest. The objective is to maximize prediction accuracy while minimizing the cost associated with measuring features for individual subjects. To achieve this, we employ reinforcement learning, where the agent decides the best action at each step: either making a final clinical decision or continuing to collect new predictors based on the current state of knowledge. Extensive simulation studies have been conducted to evaluate the efficacy of the proposed strategy. Additionally, real examples are presented to illustrate the practical utility. Supplementary materials for this article are available online, including a standardized description of the materials available for reproducing the work.",http://hdl.handle.net/10.1080/01621459.2025.2555060
Journal of the American Statistical Association,2026,A Regression Framework for Studying Relationships among Attributes under Network Interference,"Cornelius Fritz, Michael Schweinberger, Subhankar Bhadra and David R. Hunter","To understand how the interconnected and interdependent world of the twenty-first century operates and make model-based predictions, joint probability models for networks and interdependent outcomes are needed. We propose a comprehensive regression framework for networks and interdependent outcomes with multiple advantages, including interpretability, scalability, and provable theoretical guarantees. The regression framework can be used for studying relationships among attributes of connected units and captures complex dependencies among connections and attributes, while retaining the virtues of linear regression, logistic regression, and other regression models by being interpretable and widely applicable. On the computational side, we show that the regression framework is amenable to scalable statistical computing based on convex optimization of pseudo-likelihoods using minorization-maximization methods. On the theoretical side, we establish convergence rates for pseudo-likelihood estimators based on a single observation of dependent connections and attributes. We demonstrate the regression framework using simulations and an application to hate speech on the social media platform X. Supplementary materials for this article are available online, including a standardized description of the materials available for reproducing the work.",http://hdl.handle.net/10.1080/01621459.2025.2565851
Journal of the American Statistical Association,2026,Cluster-Randomized Trials with Cross-Cluster Interference,Michael P. Leung,"The literature on cluster-randomized trials typically allows for interference within but not across clusters. This may be implausible when units are irregularly distributed across space without well-separated communities, as clusters in such cases may not align with significant geographic, social, or economic divisions. This article develops methods for reducing bias due to cross-cluster interference. We first propose an estimation strategy that excludes units not surrounded by clusters assigned to the same treatment arm. We show that this substantially reduces bias relative to conventional difference-in-means estimators without significant cost to variance. Second, we formally establish a bias-variance tradeoff in the choice of clusters: constructing fewer, larger clusters reduces bias due to interference but increases variance. We provide a rule for choosing the number of clusters to balance the asymptotic orders of the bias and variance of our estimator. Finally, we consider unsupervised learning for cluster construction and provide theoretical guarantees for k-medoids. Supplementary materials for this article are available online, including a standardized description of the materials available for reproducing the work.",http://hdl.handle.net/10.1080/01621459.2025.2566416
Journal of the American Statistical Association,2026,Identification and Multiply Robust Estimation of Causal Effects via Instrumental Variables from An Auxiliary Population,"Wei Li, Jiapeng Liu, Peng Ding and Zhi Geng","Estimating causal effects in a target population with unmeasured confounders is challenging, especially when instrumental variables (IVs) are unavailable. However, IVs from auxiliary populations with similar problems can help infer causal effects in the target population. While the homogeneous conditional average treatment effect assumption has been widely used for effect transportability, it has not been explored in IV-based data fusion. We include it as a basic approach, though it may be biased when treatment effect heterogeneity exists. As an alternative approach, we introduce the equi-confounding assumption that the unmeasured confounding bias remains the same after adjusting for observed covariates, while allowing conditional average treatment effects to differ across populations. This allows us to identify the confounding bias in the auxiliary population and remove it from the treatment-outcome association in the target population to recover the causal effect. We develop multiply robust estimators under both approaches and demonstrate them through simulation studies and a real data application. Supplementary materials for this article are available online, including a standardized description of the materials available for reproducing the work.",http://hdl.handle.net/10.1080/01621459.2025.2576797
Journal of the American Statistical Association,2026,Blessing from Human-AI Interaction: Super Policy Learning in Confounded Environments,"Jiayi Wang, Chengchun Shi and Zhengling Qi","As AI becomes more prevalent throughout society, effective methods of integrating humans and AI systems that leverage their respective strengths and mitigate risk have become an important priority. In this article, we introduce the paradigm of super policy learning that takes advantage of Human-AI interaction for data driven sequential decision making. This approach uses the observed action, either from AI or humans, as input for achieving a stronger oracle in policy learning for the decision maker (humans or AI). In the decision process with unmeasured confounding, the actions taken by past agents can offer valuable insights into undisclosed information. By including this information for the policy search in a novel and legitimate manner, the proposed super policy learning will yield a super-policy that is guaranteed to outperform both the standard optimal policy and the behavior one (e.g., past agents’ actions). We call this stronger oracle a blessing from human-AI interaction. Furthermore, to address the issue of unmeasured confounding in finding super-policies using the batch data, a number of nonparametric and causal identifications are established under the framework of proximal causal inference. Building upon on these novel identification results, we develop several super-policy learning algorithms and systematically study their theoretical properties such as finite-sample regret guarantee. Finally, we illustrate the effectiveness of our proposal through extensive simulations and real-world applications. Supplementary materials for this article are available online, including a standardized description of the materials available for reproducing the work.",http://hdl.handle.net/10.1080/01621459.2025.2574706
Journal of the American Statistical Association,2026,Adversarial Estimation of Riesz Representers,"Victor Chernozhukov, Whitney K. Newey, Rahul Singh and Vasilis Syrgkanis","Many causal parameters are linear functionals of an underlying regression. The Riesz representer is a key component in the asymptotic variance of a semiparametrically estimated linear functional. We propose an adversarial framework to estimate the Riesz representer using general function spaces. We prove a nonasymptotic mean square rate in terms of an abstract quantity called the critical radius, then specialize it for neural networks, random forests, and reproducing kernel Hilbert spaces as leading cases. Our estimators are highly compatible with targeted and debiased machine learning with sample splitting; our guarantees directly verify general conditions for inference that allow mis-specification. We also use our guarantees to prove inference without sample splitting, based on stability or complexity. Our estimators may achieve nominal coverage in highly nonlinear simulations where some previous methods may not. They shed new light on the heterogeneous effects of matching grants. Supplementary materials for this article are available online, including a standardized description of the materials available for reproducing the work.",http://hdl.handle.net/10.1080/01621459.2025.2588833
Journal of the American Statistical Association,2026,Nonparametric Density Estimation of a Long-Term Trend from Repeated Semicontinuous Data,"Félix Camirand Lemyre, Raymond J. Carroll and Aurore Delaigle","We consider nonparametric estimation of the density of the long-term trend of a semicontinuous variable observed repeatedly over time. These variables arise when measuring the intensity of an intermittent phenomenon, such as the intake of an episodically consumed nutrient or the concentration of an intermittent toxic substance: when the phenomenon is absent, the measurement is equal to zero; otherwise, it is positive. Semicontinuous data are usually represented by a two-part model describing the zeros and the nonzeros separately, often under parametric assumptions. Recently, Camirand Lemyre, Carroll, and Delaigle showed that it is possible to relax the distributional assumptions on the part that models the nonzeros, but like other existing work, they used a parametric model for the conditional probability H of observing a nonzero value. We develop a nonparametric estimator of H and of the density of the long-term trend. We illustrate our method on simulated examples and apply it to estimate the density of long-term fruit intake, using data from the Eating at America’s Table Study. Supplementary materials for this article are available online, including a standardized description of the materials available for reproducing the work.",http://hdl.handle.net/10.1080/01621459.2025.2555054
Journal of the American Statistical Association,2026,Functional Partial Least-Squares: Adaptive Estimation and Inference,"Andrii Babii, Marine Carrasco and Idriss Tsafack","We study the linear regression model with a scalar response and a functional predictor, a canonical example of an ill-posed inverse problem. We show that the functional partial least-squares (PLS) estimator achieves convergence rates that are nearly minimax-optimal over a class of ellipsoids and propose an adaptive early-stopping procedure for selecting the number of PLS components. In addition, we develop a new test that detects parametric local alternatives. The test can be inverted to construct confidence sets for the functional slope parameter. Simulation results show that the estimator performs favorably relative to several existing methods, and that the proposed test has good power. We apply our methodology to evaluate the nonlinear effects of temperature on corn and soybean yields. We provide a Python software library, fpls, implementing our method. Supplementary materials for this article are available online, including a standardized description of the materials available for reproducing the work.",http://hdl.handle.net/10.1080/01621459.2025.2582874
Journal of the American Statistical Association,2026,SPARCC: Semi-Parametric Robust Estimation in a Right-Censored Covariate Model,"Seong-ho Lee, Brian D. Richardson, Yanyuan Ma, Karen S. Marder and Tanya P. Garcia","In Huntington disease research, a current goal is to understand how symptoms change prior to a clinical diagnosis. Statistically, achieving this goal entails modeling symptom severity as a function of the covariate “time of diagnosis,” which is often heavily right-censored in observational studies. Existing estimators that handle right-censored covariates, such as the complete case estimator and maximum likelihood estimator, vary in their statistical efficiency and robustness to misspecifications of nuisance parameters (i.e., densities for the censored covariate and censoring variable). We propose a new “SPARCC” estimator (SemiPArametric Robust estimation in a right-Censored Covariate model) that is robust and efficient. When the nuisance parameters are modeled parametrically, the SPARCC estimator is doubly robust, that is, consistent if at least one nuisance parameter is correctly specified, and semiparametric efficient if both are correctly specified. When the nuisance parameters are estimated via nonparametric or machine learning methods that converge sufficiently fast, the SPARCC estimator is consistent and semiparametric efficient. We show empirically that the proposed estimator, implemented in the R package sparcc, has its claimed properties, and we apply it to estimate Huntington disease symptom trajectories using data from the Enroll-HD study. Supplementary materials for this article are available online, including a standardized description of the materials available for reproducing the work.",http://hdl.handle.net/10.1080/01621459.2025.2562645
Journal of the American Statistical Association,2026,Localizing Strictly Proper Scoring Rules,"Ramon F. A. de Punder, Cees G. H. Diks, Roger Laeven and Dick J. C. van Dijk","When comparing predictive distributions, forecasters are typically not equally interested in all regions of the outcome space. To address the demand for focused forecast evaluation, we propose a procedure to transform strictly proper scoring rules into their localized counterparts while preserving the score divergence and strict propriety. This is accomplished by applying the original scoring rule to a censored distribution. Our procedure nests the censored likelihood score as a special case. Among a multitude of others, it also implies a class of censored kernel scores that offers a (possibly multivariate) alternative to the threshold weighted Continuously Ranked Probability Score (twCRPS), extending its local propriety to more general weight functions than single tail indicators. Within this localized framework, we obtain a generalization of the Neyman Pearson lemma, establishing the censored likelihood ratio test as uniformly most powerful. For other tests of localized predictive performance, results of Monte Carlo simulations and empirical applications to risk management, inflation and climate data consistently emphasize the excellent power properties of censoring versus other localization methods. Supplementary materials for this article are available online, including a standardized description of the materials available for reproducing the work.",http://hdl.handle.net/10.1080/01621459.2025.2576189
Journal of the American Statistical Association,2026,"On a Class of Sobolev Tests for Symmetry, their Detection Thresholds, and Asymptotic Powers","Eduardo García-Portugués, Davy Paindaveine and Thomas Verdebout","We consider a broad class of symmetry hypothesis testing problems that includes the problems of testing uniformity or rotational symmetry on the hypersphere Sd−1, as well as the problem of testing sphericity in Rd. For this class, we study the null and non-null behaviors of Sobolev tests, with emphasis on their consistency rates and corresponding asymptotic powers. Our main results show that: (i) Sobolev tests exhibit a detection threshold that depends not only on the coefficients defining these tests but also on the nullity of the derivatives of the angular functions characterizing the alternatives we consider; and (ii) tests with nonzero coefficients at odd (respectively, even) ranks only are blind to alternatives with angular functions whose kth-order derivatives at zero vanish for any k odd (even). Our nonstandard asymptotic results are illustrated with Monte Carlo exercises. A case study in astronomy applies the testing toolbox to evaluate the symmetry of orbits of long- and short-period comets. Supplementary materials for this article are available online, including a standardized description of the materials available for reproducing the work.",http://hdl.handle.net/10.1080/01621459.2025.2566414
Journal of the American Statistical Association,2026,Enhanced Power Enhancements for Testing Many Moment Equalities: Beyond the 2- and ∞-norm,Anders Bredahl Kock and David Preinerstorfer,"Tests based on the 2- and ∞-norm have received considerable attention in high-dimensional testing problems, as they are powerful against dense and sparse alternatives, respectively. The power enhancement principle of Fan, Liao, and Yao combines these two norms to construct improved tests that are powerful against both types of alternatives. In the context of testing whether a candidate parameter satisfies a large number of moment equalities, we construct tests that harness the strength of all p-norms with p∈[2,∞]. As a result, these tests are consistent against strictly more alternatives than any test based on a single p-norm. In particular, our tests are consistent against more alternatives than tests based on the 2- and ∞-norm, which is what most implementations of the power enhancement principle target. We illustrate our general results in the linear instrumental variable model with many instruments, for which we also provide numerical results and an empirical illustration. Supplementary materials for this article are available online, including a standardized description of the materials available for reproducing the work.",http://hdl.handle.net/10.1080/01621459.2025.2591282
Journal of the American Statistical Association,2026,Scan Statistics for the Detection of Anomalies in M-Dependent Random Fields with Applications to Image Data,"Claudia Kirch, Philipp Klein and Marco Meyer","Anomaly detection in random fields is an important problem in many applications including the detection of cancerous cells in medicine, obstacles in autonomous driving and cracks in the construction material of buildings. Such anomalies are often visible as areas with different expected values compared to the background noise. Scan statistics based on local means have the potential to detect such local anomalies by enhancing relevant features. We derive limit theorems for a general class of such statistics over M-dependent random fields of arbitrary but fixed dimension. By allowing for a variety of combinations and contrasts of sample means over differently shaped local windows, this yields a flexible class of scan statistics that can be tailored to the particular application of interest. The latter is demonstrated for crack detection in 2D-images of different types of concrete. Together with a simulation study this indicates the potential of the proposed methodology for the detection of anomalies in a variety of situations. Supplementary materials for this article are available online, including a standardized description of the materials available for reproducing the work.",http://hdl.handle.net/10.1080/01621459.2025.2563777
Journal of the American Statistical Association,2026,Efficiency of QMLE for Dynamic Panel Data Models with Interactive Effects,Jushan Bai,"This article studies the problem of efficient estimation of panel data models in the presence of an increasing number of incidental parameters. We formulate the dynamic panel as a simultaneous equations system, and derive the efficiency bound under the normality assumption. We then show that the Gaussian quasi-maximum likelihood estimator (QMLE) applied to the system achieves the efficiency bound without the normality assumption. Comparison of QMLE with the fixed effects approach is made. Supplementary materials for this article are available online, including a standardized description of the materials available for reproducing the work.",http://hdl.handle.net/10.1080/01621459.2025.2552452
Journal of the American Statistical Association,2026,A New Approach for Homogeneity Pursuit in Short Panel Data Analysis,"Yang Han, Weichi Wu and Wenyang Zhang","In panel data analysis, individual attributes are of importance in many real applications. With the advancement of data collection, it is often possible to acquire enough information for individual attributes in a collected panel dataset, and data from other individuals may contain the information for the attributes of the individual under concern. Homogeneity pursuit is an important topic in panel data analysis when individual attributes are of interest. Existing approaches are mainly based on either penalized estimation or binary segmentation, and require reasonably large cluster sizes. However, in practice, people often come across panel datasets with small cluster sizes, that is short panel datasets. In this article, we propose a new approach to homogeneity pursuit in panel data analysis, which applies to both long and short panel datasets. Our approach differs from existing methods and enjoys good asymptotic properties that justify its adoption. Extensive simulation studies show that the new approach works very well even when cluster sizes are too small to get any estimators based on one individual, outperforming all alternative methods in all conducted cases. Finally, we apply the new approach to a real dataset and illustrate its practical usefulness and superiority. Supplementary materials for this article are available online, including a standardized description of the materials available for reproducing the work.",http://hdl.handle.net/10.1080/01621459.2025.2552513
Journal of the American Statistical Association,2026,Simultaneous Inference for Monotone and Smoothly Time-Varying Functions Under Complex Temporal Dynamics,Tianpai Luo and Weichi Wu,"We propose a new framework for the simultaneous inference of monotone and smoothly time-varying functions under complex temporal dynamics. This will be done using the monotone rearrangement and the nonparametric estimation. We capitalize the Gaussian approximation for the nonparametric monotone estimator and construct the asymptotically correct simultaneous confidence bands (SCBs) using designed bootstrap methods. We investigate two general and practical scenarios. The first is the simultaneous inference of monotone smooth trends from moderately high-dimensional time series. The proposed algorithm has been employed for the joint inference of temperature curves from multiple areas. Specifically, most existing methods are designed for a single monotone smooth trend. In such cases, our proposed SCB empirically exhibits the narrowest width among existing approaches while maintaining confidence levels. It has also been used for testing several hypotheses tailored to global warming. The second scenario involves simultaneous inference of monotone and smoothly time-varying regression coefficients in time-varying coefficient linear models. The proposed algorithm has been used for testing the impact of sunshine duration on temperature which is believed to be increasing due to severe greenhouse effect. The validity of the proposed methods has been justified in theory as well as by extensive simulations. Supplementary materials for this article are available online, including a standardized description of the materials available for reproducing the work.",http://hdl.handle.net/10.1080/01621459.2025.2550669
Journal of the American Statistical Association,2026,Bayesian Nonparametric Spectral Analysis of Locally Stationary Processes,"Yifu Tang, Claudia Kirch, Jeong Eun Lee and Renate Meyer","Stationarity plays a pivotal role in time series analysis. It is not only the basis for the derivation of general asymptotic theory but it also allows an efficient analysis in the frequency domain via the Whittle likelihood, based on the asymptotic independence of the Fourier coefficients. However, many regularly sampled data derived from the observation of physical or ecological processes, for instance, are only locally stationary. They exhibit slowly evolving spectra and asymptotically non-vanishing dependencies between the Fourier coefficients. In this article we construct a novel dynamic Whittle likelihood approximation for a locally stationary process and propose a Bayesian nonparametric approach to estimate its time-varying spectral density. This dynamic likelihood approximation in the frequency domain can capture the time-frequency evolution of the process by using moving periodograms previously introduced in the bootstrap literature. The posterior distribution is obtained by updating a bivariate extension of the Bernstein-Dirichlet process prior with the dynamic Whittle likelihood. Asymptotic properties such as sup-norm posterior consistency and L2-norm posterior contraction rates are presented. In addition, simulation studies and applications to real-life datasets demonstrate the competitive empirical performance compared to other state-of-the-art methods under finite-sample conditions. Supplementary materials for this article are available online, including a standardized description of the materials available for reproducing the work.",http://hdl.handle.net/10.1080/01621459.2025.2594191
Journal of the American Statistical Association,2026,Bayesian Geostatistics Using Predictive Stacking,"Lu Zhang, Wenpin Tang and Sudipto Banerjee","We develop Bayesian predictive stacking for geostatistical models, where the primary inferential objective is to provide inference on the latent spatial random field and conduct spatial predictions at arbitrary locations. We exploit analytically tractable posterior distributions for regression coefficients of predictors and the realizations of the spatial process conditional upon process parameters. We subsequently combine such inference by stacking these models across the range of values of the hyper-parameters. We devise stacking of means and posterior densities in a manner that is computationally efficient without resorting to iterative algorithms such as Markov chain Monte Carlo (MCMC) and can exploit the benefits of parallel computations. We offer novel theoretical insights into the resulting inference within an infill asymptotic paradigm and through empirical results showing that stacked inference is comparable to full sampling-based Bayesian inference at a significantly lower computational cost. Supplementary materials for this article are available online, including a standardized description of the materials available for reproducing the work.",http://hdl.handle.net/10.1080/01621459.2025.2566449
Journal of the American Statistical Association,2026,Optimal Plug-in Gaussian Processes for Modeling Derivatives,Zejian Liu and Meng Li,"Derivatives are a key nonparametric functional in wide-ranging applications where the rate of change of an unknown function is of interest. In the Bayesian paradigm, Gaussian processes (GPs) are routinely used as a flexible prior for unknown functions, and are arguably one of the most popular tools in many areas. However, little is known about the optimal modeling strategy and theoretical properties when using GPs for derivatives. In this article, we study a plug-in strategy by differentiating the posterior distribution with GP priors for derivatives of any order. This practically appealing plug-in GP method has been previously perceived as suboptimal and degraded, but this is not necessarily the case. We provide posterior contraction rates for plug-in GPs and establish that they achieve optimal rates simultaneously for all derivative orders. We show that the posterior measure of the regression function and its derivatives, with the same choice of hyperparameter that does not depend on the order of derivatives, converges at the minimax optimal rate up to a logarithmic factor for functions in certain classes. We analyze a data-driven hyperparameter tuning method based on empirical Bayes, and show that it satisfies the optimal rate condition while maintaining computational efficiency. This article to the best of our knowledge provides the first positive result for plug-in GPs in the context of inferring derivative functionals, and leads to a practically simple nonparametric Bayesian method with optimal and adaptive hyperparameter tuning for simultaneously estimating the regression function and its derivatives. Simulations show competitive finite sample performance of the plug-in GP method. A climate change application for analyzing the global sea-level rise is discussed. Supplementary materials for this article are available online, including a standardized description of the materials available for reproducing the work.",http://hdl.handle.net/10.1080/01621459.2026.2612778
Journal of the American Statistical Association,2026,Bayesian Image Analysis in Fourier Space,"John Kornak, Karl Young, Eric Friedman and Konstantinos Bakas","Bayesian image analysis has been instrumental for over 40 years in addressing challenges such as image noise reduction, de-blurring, feature enhancement, and object detection. Despite its success, modeling spatial dependencies inherent to these problems often results in significant computational challenges. This work introduces the Bayesian Image Analysis in Fourier Space (BIFS) framework, which redefines conventional Bayesian modeling for continuous-valued images by transforming the problem into the Fourier domain. This transformation reduces the original high-dimensional dependent estimation problem into multiple low-dimensional, independent subproblems in Fourier space. The BIFS approach thereby simplifies computation while enabling flexible model specification, efficient formulation of isotropic priors, adaptability to diverse prior expectations, and invariance to changes in image resolution. BIFS thus offers a powerful and computationally efficient framework for a wide range of imaging applications. Supplementary materials for this article are available online, including a standardized description of the materials available for reproducing the work.",http://hdl.handle.net/10.1080/01621459.2025.2573523
Journal of the American Statistical Association,2026,Posterior Risk of Modular and Semi-Modular Bayesian Inference,David T. Frazier and David J. Nott,"Modular Bayesian methods perform inference in models that are specified through a collection of coupled sub-models, known as modules. These modules often arise from modeling different data sources or from combining domain knowledge from different disciplines. “Cutting feedback” is a Bayesian inference method that ensures misspecification of one module does not affect inferences for parameters in other modules, and produces what is known as the cut posterior. However, choosing between the cut posterior and the standard Bayesian posterior is challenging. When misspecification is not severe, cutting feedback can greatly increase posterior uncertainty without a large reduction of estimation bias, leading to a bias-variance tradeoff. This tradeoff motivates semi-modular posteriors, which interpolate between standard and cut posteriors based on a tuning parameter. In this work, we provide the first precise formulation of the bias-variance tradeoff that is present in cutting feedback, and we propose a new semi-modular posterior that takes advantage of it. Under general regularity conditions, we prove that this semi-modular posterior is more accurate than the cut posterior according to a notion of posterior risk. An important implication of this result is that point inferences made under the cut posterior are inadmissable. The new method is demonstrated in a number of examples. Supplementary materials for this article are available online, including a standardized description of the materials available for reproducing the work.",http://hdl.handle.net/10.1080/01621459.2025.2580690
Journal of the American Statistical Association,2026,Spatiotemporal Besov Priors for Bayesian Inverse Problems,"Shiwei Lan, Mirjeta Pasha, Shuyi Li and Weining Shen","Fast development in science and technology has driven the need for proper statistical tools to capture special data features such as abrupt changes or sharp contrast. Many inverse problems in data science require spatiotemporal solutions derived from a sequence of time-dependent objects with these spatial features, for example, the dynamic reconstruction of computerized tomography (CT) images with edges. Conventional methods based on Gaussian processes (GP) often fall short in providing satisfactory solutions since they tend to offer oversmooth priors. Recently, the Besov process (BP), defined by wavelet expansions with random coefficients, has emerged as a more suitable prior for Bayesian inverse problems of this nature. While BP excels in handling spatial inhomogeneity, it does not automatically incorporate temporal correlation inherited in the dynamically changing objects. In this article, we generalize BP to a novel spatiotemporal Besov process (STBP) by replacing the random coefficients in the series expansion with stochastic time functions as Q-exponential process (Q-EP) which governs the temporal correlation structure. We thoroughly investigate the mathematical and statistical properties of STBP. Simulations, two limited-angle CT reconstruction examples, a highly nonlinear inverse problem involving Navier-Stokes equation, and a spatiotemporal temperature imputation problem are used to demonstrate the advantage of the proposed STBP compared with the classic STGP and a time-uncorrelated approach. Supplementary materials for this article are available online, including a standardized description of the materials available for reproducing the work.",http://hdl.handle.net/10.1080/01621459.2025.2560688
Journal of the American Statistical Association,2026,Construction of Asymmetric Nested Orthogonal Arrays,"Shanqi Pang, Xiao Lin, Mingyao Ai and Peter Chien","Nested orthogonal arrays (NOAs), which consist of a pair of orthogonal arrays with one array nested within the other, are extensively used in computer experiments and statistics. They have diverse applications, including data fusion, digital twins, model validation, sequential model evaluation, stochastic programming, chance-constraint problems, nonparametric function estimation, and parameter linking. We propose several general methods for constructing asymmetric NOAs with flexible run sizes, number of levels, and strengths. These methods can generate numerous new classes of NOAs, achieving the maximal number of factors with the minimal run size for both the smaller and larger arrays. A slightly relaxed definition of saturatedness, termed flawless, is introduced for NOAs. Based on the saturated or flawless criteria for the smaller and larger arrays, we classify NOAs into nine types and construct seven new types of NOAs. The newly constructed NOAs with small and moderate run sizes are tabulated for practical use. Supplementary materials for this article are available online, including a standardized description of the materials available for reproducing the work.",http://hdl.handle.net/10.1080/01621459.2025.2555058
Journal of the American Statistical Association,2026,Universally Optimal Designs for Symmetric Models in Order-of-Addition Experiments,"Ze Liu, Yongdao Zhou and Min-Qian Liu","Recently, a lot of models for order-of-addition (OofA) experiments have been proposed, as well as the corresponding designs. However, most of those researches are under specific models and/or specific criteria, and a general framework is lacked. In this article, we propose a general form of linear models for OofA experiments, called the symmetric linear models. We show that almost all popularly-used linear models for OofA experiments are equivalent to symmetric linear models, and we further prove that the component orthogonal arrays (COAs) of particular strengths are the corresponding universally optimal OofA designs. Conversely, under some particular cases, the optimal OofA designs must be COAs. Furthermore, we propose a systematic method for constructing COAs of strength 3, and provide some specific constructions of COAs of strengths 2, 4 and higher. Numerical results show that COAs perform well under various criteria. Supplementary materials for this article are available online, including a standardized description of the materials available for reproducing the work.",http://hdl.handle.net/10.1080/01621459.2025.2552515
Journal of the American Statistical Association,2026,Optimal Run Order for Order-of-Addition Experiments,"Chunyan Wang, Jiayu Peng and Dennis K. J. Lin","Order-of-addition experiments have emerged as a cornerstone in modern experimental design, yet the critical role of run-order has been entirely neglected in the literature. This oversight is surprising, given that the run order can significantly influence the cost, efficiency, and validity of the experiment. Certain run orders are inherently more economical and effective, while suboptimal orders may introduce unnecessary complexities or compromise results. To ensure experimental integrity, an optimal run order must minimize factor level changes, especially when transitions between levels are costly—and safeguard against the detrimental effects of time trends, which can skew factor effect estimates and undermine conclusions. Despite its importance, the relationship between run order and order-of-addition experiments remains poorly understood. Our research addresses this critical gap by deriving the theoretical lower bound on the total number of factor level changes for ordered order-of-addition designs. We introduce novel construction methods that achieve this minimum, ensuring both cost efficiency and practicality. Additionally, we develop a rigorous framework to eliminate the bias introduced by linear time trends, proposing robust methods to construct time trend-free ordered designs. These methods lead to the establishment of optimal ordered designs that excel under both criteria. The proposed designed orders go beyond theoretical elegance—they are robust to lurking variables in the external environment, making them invaluable for real-world applications. This study not only shines the spotlight on an overlooked dimension of order-of-addition experiments but also delivers solutions that redefine how these experiments should be conducted. Supplementary materials for this article are available online, including a standardized description of the materials available for reproducing the work.",http://hdl.handle.net/10.1080/01621459.2025.2562646
Journal of the American Statistical Association,2026,Developing A Practical Measure: An Asymmetric Mean Squared Prediction Error for Small Area Estimation,"Haiqiang Ma, Thuan Nguyen and Jiming Jiang","The mean squared prediction error (MSPE) is widely used in small area estimation (SAE), as well as in other fields of statistics. Despite its popularity, the MSPE is not always practical in that it treats positive error, or over-prediction, and negative error, or under-prediction, equally. In practice, however, the consequences of these two types of errors are often different. This problem has long been known in statistics; however, a practical solution has not received much attention in SAE, which remains being dominated by the MSPE. A closely related object is the so-called best predictor (BP), which is equal to a conditional expectation under the MSPE criterion. We develop an asymmetric MSPE (AMSPE) measure that assigns different weights to the two different types of prediction errors. As a result, a different BP is developed, as well as its empirical version (EBP) that is implemented in practice. It is shown that, under the normality assumption, the AMSPE-based BP has a simple and elegant expression as the MSPE-based BP plus the conditional standard deviation multiplied by a deterministic constant, which only depends on the weight. As a natural measure of uncertainty, a second-order unbiased estimator of the area-specific AMSPE of the EBP is also developed. The developments are detailed under the area-level model for SAE. Theoretical properties of the proposed EBP and its AMSPE estimator are studied; their empirical performances are evaluated and compared with alternative methods. An iterative procedure for determining the weight in the AMSPE is developed and its global linear convergence is established. A real-data example is discussed. Supplementary materials for this article are available online, including a standardized description of the materials available for reproducing the work.",http://hdl.handle.net/10.1080/01621459.2025.2555056
Journal of the American Statistical Association,2026,Impact of Existence and Nonexistence of Pivot on the Coverage of Empirical Best Linear Prediction Intervals for Small Areas,"Yuting Chen, Masayo Y. Hirose and Partha Lahiri","We advance parametric bootstrap theory to construct highly efficient empirical best prediction intervals for small area means, achieving a coverage error rate of O(m−3/2) , where m is the number of areas modeled by a linear mixed normal model. For a general mixed effect model with random effects from a known but nonnormal distribution (with unknown hyperparameters), we show analytically that the empirical best linear (EBL) prediction interval maintains the same coverage error order, assuming the existence of a pivot for standardized random effects with known hyperparameters. Recognizing challenges in proving pivot existence, we develop a simple moment-based method to claim nonexistence of pivot. We find that without a pivot, the parametric bootstrap EBL prediction interval fails to reach the desired O(m−3/2) coverage error. We obtain a surprising result that the order O(m−1) term is always positive under certain conditions indicating possible overcoverage of the existing parametric bootstrap EBL prediction interval. In general, we analytically show for the first time that the coverage problem can be corrected by adopting a suitably devised double parametric bootstrap. Our Monte Carlo simulations show that our proposed single bootstrap method performs reasonably well when compared to rival methods. Supplementary materials for this article are available online, including a standardized description of the materials available for reproducing the work.",http://hdl.handle.net/10.1080/01621459.2025.2583503
Journal of the American Statistical Association,2026,Bias Control for M-Quantile-Based Small Area Estimators,"Francesco Schirripa Spagnolo, Nicola Salvati, Gaia Bertarelli, David Haziza and Ray Chambers","Projective outlier-robust M-quantile-based small area estimators can be substantially biased when the sample data contain representative outliers. In this article we propose two new predictive type bias corrected versions of these estimators for continuous and discrete outcomes. Given both area level and individual level outliers in the population, these new estimators are more efficient than the robust-predictive and robust-projective estimators that have been proposed in the small area estimation literature. We also propose two estimators of the prediction mean-squared error of these estimators: one based on Taylor linearization and the other based on a new semi-parametric bootstrap method. We summarize the empirical evidence for these theoretical results in this article, while in the supplementary material we describe in more detail how the properties of these M-quantile-based small area estimators have been assessed in model-based and design-based simulations, as well as in a realistic application focusing on estimation of average income and unemployment rates for local labor market areas in Italy. Supplementary materials for this article are available online, including a standardized description of the materials available for reproducing the work.",http://hdl.handle.net/10.1080/01621459.2025.2587316
Journal of the American Statistical Association,2026,Random Pairing MLE for Estimation of Item Parameters in Rasch Model,Yuepeng Yang and Cong Ma,"The Rasch model, a classical model in the item response theory, is widely used in psychometrics to model the relationship between individuals’ latent traits and their binary responses to assessments or questionnaires. In this article, we introduce a new likelihood-based estimator—random pairing maximum likelihood estimator (RP‐MLE ) and its bootstrapped variant multiple random pairing MLE (MRP‐MLE ) which faithfully estimate the item parameters in the Rasch model. The new estimators have several appealing features compared to existing ones. First, both work for sparse observations, an increasingly important scenario in the big data era. Second, both estimators are provably minimax optimal in terms of finite sample l∞ estimation error. Lastly, both admit precise distributional characterization that allows uncertainty quantification on the item parameters, for example, construction of confidence intervals for the item parameters. The main idea underlying RP‐MLE and MRP‐MLE is to randomly pair user–item responses to form item–item comparisons. This is carefully designed to reduce the problem size while retaining statistical independence. We also provide empirical evidence of the efficacy of the two new estimators using both simulated and real data. Supplementary materials for this article are available online, including a standardized description of the materials available for reproducing the work.",http://hdl.handle.net/10.1080/01621459.2025.2582873
Journal of the American Statistical Association,2026,Consistent Least Squares Estimation in Population-Size-Dependent Branching Processes,"Peter Braunsteins, Sophie Hautphenne and Carmen Minuesa","We derive the first conditionally consistent estimators for a class of parametric Markov population models with logistic growth, which are suitable for modeling endangered populations in restricted habitats with a carrying capacity. We focus on discrete-time parametric population-size-dependent branching processes, for which we propose a new class of weighted least-squares estimators based on a single trajectory of population size counts. We establish the consistency and asymptotic normality of our estimators, conditional on non-extinction up to time n, as n→∞. Since Markov population models with a carrying capacity become extinct almost surely under general conditions, our proofs rely on arguments distinct from those in the existing literature. Our results are motivated by conservation biology, where endangered populations are often studied precisely because they are still alive, leading to an observation bias. Through simulated examples, we show that our conditionally consistent estimators generally reduce this bias for key quantities such as a habitat’s carrying capacity. We apply our methodology to estimate the carrying capacity of the Chatham Island black robin, a population reduced to a single breeding female in the 1970’s, which has since recovered but has yet to reach the island’s carrying capacity. Supplementary materials for this article are available online, including a standardized description of the materials available for reproducing the work.",http://hdl.handle.net/10.1080/01621459.2025.2571247
Journal of the American Statistical Association,2026,A Statistician’s Overview of Physics-Informed Neural Networks for Spatio-Temporal Data,"Christopher K. Wikle, Joshua North, Giri Gopalan and Myungsoo Yoo","The recent success of deep neural network models with physical constraints (so-called, Physics-Informed Neural Networks, PINNs) has led to renewed interest in the incorporation of mechanistic information in predictive models. Statisticians and others have long been interested in this problem, which has led to several practical and innovative solutions dating back decades. In this overview, we focus on the problem of data-driven prediction and inference of dynamic spatio-temporal processes that include mechanistic information, such as would be available from partial differential equations, with a strong focus on the quantification of uncertainty associated with data, process, and parameters. We give a brief review of several paradigms and focus our attention on Bayesian implementations given they naturally accommodate uncertainty quantification. We then show that it is straight-forward to include the Bayesian PINN (B-PINN) within the Bayesian hierarchical model (BHM) framework that has long been considered for modeling dynamic spatio-temporal processes. Such a BHM-PINN is illustrated via a simulation study in which a latent nonlinear Burgers’ equation PDE governs the dynamics of Poisson distributed spatio-temporal data. Supplementary materials for this article are available online, including a standardized description of the materials available for reproducing the work.",http://hdl.handle.net/10.1080/01621459.2026.2625420
Journal of the American Statistical Association,2026,Bayesian Precision Medicine,Yang Ni,,http://hdl.handle.net/10.1080/01621459.2026.2670708
Journal of the American Statistical Association,2026,Introduction to Quantitative Social Science with Python,Salil Koner,,http://hdl.handle.net/10.1080/01621459.2026.2639651
Journal of the American Statistical Association,2026,Seminal Ideas and Controversies in Statistics,Jonathan P. Williams,,http://hdl.handle.net/10.1080/01621459.2026.2668072
Journal of the American Statistical Association,2026,Change Point Analysis: Theory and Application (by Baisuo Jin and Jialiang Li),Abhishek Kaul,,http://hdl.handle.net/10.1080/01621459.2026.2657548
Journal of the American Statistical Association,2026,Correction for: Generalized factor model for ultra-high dimensional correlated variables with mixed types,The Editors,,http://hdl.handle.net/10.1080/01621459.2026.2639079
Journal of the American Statistical Association,2026,LAMBDA: A Large Model Based Data Agent,"Maojun Sun, Ruijian Han, Binyan Jiang, Houduo Qi, Defeng Sun, Yancheng Yuan and Jian Huang","We introduce LArge Model Based Data Agent (LAMBDA), a novel open-source, code-free multi-agent data analysis system that leverages the power of large language models. LAMBDA is designed to address data analysis challenges in data-driven applications through innovatively designed data agents using natural language. At the core of LAMBDA are two key agent roles: the programmer and the inspector, which are engineered to work together seamlessly. Specifically, the programmer generates code based on the user’s instructions and domain-specific knowledge, while the inspector debugs the code when necessary. To ensure robustness and handle adverse scenarios, LAMBDA features a user interface that allows direct user intervention. Moreover, LAMBDA can flexibly integrate external models and algorithms through our proposed Knowledge Integration Mechanism, catering to the needs of customized data analysis. LAMBDA has demonstrated strong performance on various data analysis tasks. It has the potential to enhance data analysis paradigms by seamlessly integrating human and artificial intelligence, making it more accessible, effective, and efficient for users from diverse backgrounds. The strong performance of LAMBDA in solving data analysis problems is demonstrated using real-world data examples. The code for LAMBDA is available at https://github.com/AMA-CMFAI/LAMBDA and videos of three case studies can be viewed at https://www.polyu.edu.hk/ama/cmfai/lambda.html. Supplementary materials for this article are available online, including a standardized description of the materials available for reproducing the work.",http://hdl.handle.net/10.1080/01621459.2025.2510000
Journal of the American Statistical Association,2026,Discussion of “LAMBDA: A Large Model Based Data Agent”,David Donoho,,http://hdl.handle.net/10.1080/01621459.2025.2574396
Journal of the American Statistical Association,2026,Discussion of LAMBDA: A Large Model Based Data Agent,Xihong Lin,,http://hdl.handle.net/10.1080/01621459.2025.2596254
Journal of the American Statistical Association,2026,"Comments: Systems Thinking, Data Minding, and Mindware Agents for Multi-Agent Data Analysis Systems",Xiao-Li Meng,,http://hdl.handle.net/10.1080/01621459.2025.2593538
Journal of the American Statistical Association,2026,Discussion of “LAMBDA: Large Model Based Data Agent”,Xuewei Wang and Rui (Sammi) Tang,"Large language models (LLMs) are making waves for efficient and reproducible data analysis. We congratulate the authors on developing an impressive LLM-based data analysis system (Sun et al. 2025) that makes statistical and machine learning tools more accessible for users across diverse backgrounds. LAMBDA offers a remarkable contribution to this space by well-designing a dual-agent and code-free architecture for interactive data analysis. In contrast to fully autonomous LLM agents, the open-source LAMBDA emphasizes flexibility, robustness, human intervention, and domain adaptability. It provides an excellent choice for exploratory analysis and model prototyping with both structured and unstructured data.",http://hdl.handle.net/10.1080/01621459.2025.2560377
Journal of the American Statistical Association,2026,Discussion of “LAMBDA: Large Model Based Data Agent”,"Bang Liu, Run Yang and Fan Zhou",,http://hdl.handle.net/10.1080/01621459.2025.2554757
Journal of the American Statistical Association,2026,AI Agents for Data Science: A Discussion of “LAMBDA: A Large Model Based Data Agent”,James Zou and Mert Yuksekgonul,,http://hdl.handle.net/10.1080/01621459.2025.2560373
Journal of the American Statistical Association,2026,Rejoinder to the Discussions on “LAMBDA: A Large Model Based Data Agent”,"Maojun Sun, Ruijian Han, Binyan Jiang, Houduo Qi, Defeng Sun, Yancheng Yuan and Jian Huang",,http://hdl.handle.net/10.1080/01621459.2025.2612245
Journal of the American Statistical Association,2026,"Additive Multi-Index Gaussian Process Modeling, with Application to Multi-Physics Surrogate Modeling of the Quark-Gluon Plasma","Kevin Li, Simon Mak, J.-F. Paquet and Steffen A. Bass","The Quark-Gluon Plasma (QGP) is a unique phase of nuclear matter, theorized to have filled the Universe shortly after the Big Bang. A critical challenge in studying the QGP is that, to reconcile experimental observables with theoretical parameters, one requires many simulation runs of a complex physics model over a high-dimensional parameter space. Each run is computationally expensive, requiring thousands of CPU hours, thus limiting physicists to only several hundred runs. Given limited training data for high-dimensional prediction, existing surrogate models often yield poor predictions with high predictive uncertainties, leading to imprecise scientific findings. To address this, we propose a new Additive Multi-Index Gaussian process (AdMIn-GP) model, which leverages a flexible additive structure on low-dimensional embeddings of the parameter space. This is guided by prior scientific knowledge that the QGP is dominated by multiple distinct physical phenomena (i.e., multi-physics), each involving a small number of latent parameters. The AdMIn-GP models for such embedded structure within a flexible Bayesian nonparametric framework, which facilitates efficient model fitting via a carefully constructed variational inference approach with inducing points. We show the effectiveness of the AdMIn-GP via a suite of numerical experiments and our QGP application, where we demonstrate considerably improved surrogate modeling performance over existing models. Supplementary materials for this article are available online, including a standardized description of the materials available for reproducing the work.",http://hdl.handle.net/10.1080/01621459.2025.2529025
Journal of the American Statistical Association,2026,Using Total Margin of Error to Account for Non-Sampling Error in Election Polls,Jeff Dominitz and Charles Manski,"The potential impact of non-sampling errors on election polls is well known, but measurement has focused on the margin of sampling error. Statisticians have recommended measurement of total survey error by mean square error (MSE), which jointly measures sampling and non-sampling errors. We suggest use of the square root of maximum MSE to measure the total margin of error (TME). We suggest that measurement of TME should be a standard feature in the reporting of polls. Because the exceedingly low response rates commonly obtained by polls is a particularly worrisome source of potential error, we demonstrate how to measure the potential impact of nonresponse by sampled persons using the concept of TME. We show how to measure TME when a pollster lacks any knowledge of the candidate preferences of nonrespondents. We extend the analysis to settings where the pollster has partial knowledge that bounds the preferences of non-respondents. In each setting, we derive a simple poll estimate that approximately minimizes TME—a midpoint estimate—and compare it to a conventional poll estimate. We extend our analysis of nonresponse by sampled persons to address polls with under-coverage of the population and opt-in panels of participants.",http://hdl.handle.net/10.1080/01621459.2025.2537459
Journal of the American Statistical Association,2026,Understanding Inequalities in Cancer Survival Using Bayesian Machine Learning,"Piyali Basak, Camille Maringe, F. Javier Rubio and Antonio R. Linero","Most cancer patients are diagnosed after the age of 60, often with existing chronic health conditions (comorbidities), that can delay diagnosis and complicate treatment, prognosis, and monitoring. These comorbidities may exacerbate existing sociodemographic inequalities in cancer survival. While much research has focused on how comorbidities affect overall survival, national and international institutions typically prefer the relative survival framework for population-based studies. This framework decomposes an individual’s overall hazard into a known population hazard and an excess hazard attributable to cancer. Estimands derived from the excess hazard, such as net survival, are widely used to assess interventions and inform policy. In this article, we use a Bayesian machine learning approach to estimate the excess hazard and identify vulnerable subgroups with a higher excess hazard, using Bayesian additive regression trees (BART). We develop a proportional hazards version of BART for the relative survival context and extend it to accommodate nonproportional hazards. We also provide tools for model interpretation and posterior summarization. This is applied to colon cancer data from England to provide insights when paired with state-of-the-art data linkage methods. We then identify drivers of inequalities in cancer survival through variable importance quantification. Supplementary materials for this article are available online, including a standardized description of the materials available for reproducing the work.",http://hdl.handle.net/10.1080/01621459.2025.2547968
Journal of the American Statistical Association,2026,SMART-MC: Characterizing the Dynamics of Multiple Sclerosis Therapy Transitions Using a Covariate-Based Markov Model,"Beomchang Kim, Zongqi Xia and Priyam Das","Treatment switching is a common occurrence in the management of Multiple Sclerosis (MS), where patients transition across various disease-modifying therapies (DMTs) due to heterogeneous treatment responses, differences in disease progression, patient characteristics, and therapy-associated adverse effects. To investigate how patient-level covariates influence the likelihood of treatment transitions among DMTs, we adopt a Markovian framework, Sparse Matrix Estimation with Covariate-Based Transitions in Markov Chain Modeling (SMART-MC), in which the transition probabilities are modeled as functions of these covariates. Modeling real-world treatment transitions under this framework presents several challenges, including ensuring parameter identifiability and handling sparse transitions without overfitting. To address identifiability, we constrain each transition-specific covariate coefficient vectors to have a fixed L2 norm. Furthermore, our method automatically estimates transition probabilities for sparsely observed transitions as constants and enforces zero transition probabilities for transitions that are empirically unobserved. This approach mitigates the need for additional model complexity to handle sparsity while maintaining interpretability and efficiency. To optimize the multi-modal likelihood function, we develop a scalable, parallelized global optimization routine, which is validated through benchmark comparisons and supported by key theoretical properties. Our analysis uncovers meaningful patterns in DMT transitions, revealing variations across MS patient subgroups defined by age, race, and other clinical factors. Supplementary materials for this article are available online, including a standardized description of the materials available for reproducing the work.",http://hdl.handle.net/10.1080/01621459.2025.2555055
Journal of the American Statistical Association,2026,Bayesian Signal Matching for Transfer Learning in ERP-Based Brain Computer Interface,"Tianwen Ma, Jane E. Huggins and Jian Kang","An Event-Related Potential (ERP)-based Brain-Computer Interface (BCI) Speller System assists people with disabilities to communicate by decoding electroencephalogram (EEG) signals. A P300-ERP embedded in EEG signals arises in response to a rare, but relevant event (target) among a series of irrelevant events (non-target). Different machine learning methods have constructed binary classifiers to detect target events, known as calibration. The existing calibration strategy uses data from participants themselves with lengthy training time. Participants feel bored and distracted, which causes biased P300 estimation and decreased prediction accuracy. To resolve this issue, we propose a Bayesian signal matching (BSM) framework to calibrate EEG signals from a new participant using data from source participants. BSM specifies the joint distribution of stimulus-specific EEG signals among source participants via a Bayesian hierarchical mixture model. We apply the inference strategy. If source and new participants are similar, they share the same set of model parameters; otherwise, they keep their own sets of model parameters; we predict on the testing data using parameters of the baseline cluster directly. Our hierarchical framework can be generalized to other base classifiers with parametric forms. We demonstrate the advantages of BSM using simulations and focus on the real data analysis among participants with neuro-degenerative diseases. Supplementary materials for this article are available online, including a standardized description of the materials available for reproducing the work.",http://hdl.handle.net/10.1080/01621459.2025.2563189
Journal of the American Statistical Association,2026,Spatial Variation on Multiple Scales in Line Transect Data; the Case of Antarctic Fin Whales,"Olav Nikolai Breivik, Hans J. Skaug, Martin Jullum and Martin Biuw","Line transect sampling is a widely used survey method for estimating animal density or abundance. We present a novel model for such data that allows for spatial variation in animal density at two scales: a long scale, representing trends caused by for instance climatic or terrain gradients, and a short scale, representing abrupt shifts due to local effects such as prey patchiness. The long-range variation is modeled as a latent Gaussian random field, while the abrupt changes are modeled as a two-state continuous-time Markov process along the transect line. For species that form dense groups, a separate spatial model for group size is proposed. The model is implemented in the R package TMB, allowing for efficient and computationally feasible inference. We apply our approach to estimate the abundance of Antarctic fin whales in the Scotia Sea. The effect of the different spatial scales is discussed, and a comparison is made to another spatially explicit method for line transect data. We validate our approach with a simulation study using the fitted model, wherein we re-fit models on samples generated from our initial model. These re-fitted models effectively capture the true simulated abundance. Supplementary materials for this article are available online, including a standardized description of the materials available for reproducing the work.",http://hdl.handle.net/10.1080/01621459.2025.2566422
Journal of the American Statistical Association,2026,Elastic Shape Analysis of Movement Data,"J. E. Borgert, Jan Hannig, J. Derek Tucker, Liubov Arbeeva, Ashley N. Buck, Yvonne M. Golightly, Stephen P. Messier, Amanda E. Nelson and J. S. Marron","Osteoarthritis (OA) is a highly prevalent degenerative joint disease, and the knee is the most commonly affected joint. Biomechanical factors, particularly forces exerted during walking, are often measured in modern studies of knee joint injury and OA, and understanding the relationship among biomechanics, clinical profiles, and OA has high clinical relevance. Biomechanical forces are typically represented as curves over time, but a standard practice in biomechanics research is to summarize these curves by a small number of discrete values (or landmarks). The objective of this work is to demonstrate the added value of analyzing full movement curves over conventional discrete summaries. We developed a shape-based representation of variation in full biomechanical curve data from the Intensive Diet and Exercise for Arthritis (IDEA) study (Messier et al. 2009, 2013), and demonstrated through nested model comparisons that our approach, compared to conventional discrete summaries, yields stronger associations with OA severity and OA-related clinical traits. Notably, our work is among the first to quantitatively evaluate the added value of analyzing full movement curves over conventional discrete summaries. Supplementary materials for this article are available online, including a standardized description of the materials available for reproducing the work.",http://hdl.handle.net/10.1080/01621459.2025.2572778
Journal of the American Statistical Association,2026,Online Auction Design Using Distribution-Free Uncertainty Quantification with Applications to E-Commerce,Jiale Han and Xiaowu Dai,"Online auction is a cornerstone of e-commerce, and a key challenge is designing incentive-compatible mechanisms that maximize expected revenue. Existing approaches often assume known bidder value distributions and fixed sets of bidders and items, but these assumptions rarely hold in real-world settings where bidder values are unknown, and the number of future participants is uncertain. In this article, we introduce the Conformal Online Auction Design (COAD), a novel mechanism that maximizes revenue by quantifying uncertainty in bidder values without relying on known distributions. COAD incorporates both bidder and item features, using historical data to design an incentive-compatible mechanism for online auctions. Unlike traditional methods, COAD leverages distribution-free uncertainty quantification techniques and integrates machine learning methods, such as random forests, kernel methods, and deep neural networks, to predict bidder values while ensuring revenue guarantees. Moreover, COAD introduces bidder-specific reserve prices, based on the lower confidence bounds of bidder valuations, contrasting with the single reserve price commonly used in the literature. We demonstrate the practical effectiveness of COAD through an application to real-world eBay auction data. Theoretical results and extensive simulation studies further validate the properties of our approach. Supplementary materials for this article are available online, including a standardized description of the materials available for reproducing the work.",http://hdl.handle.net/10.1080/01621459.2025.2576180
Journal of the American Statistical Association,2026,A Factor-Copula Latent-Vine Time Series Model for Extreme Flood Insurance Losses,"Xiaoting Li, Harry Joe and Christian Genest","Statistical inference on the dependence of multivariate extremes poses notable challenges, particularly in contexts characterized by large dimensions and sparse extreme observations. While copula models provide flexible parametric methods for dependence modeling, caution is warranted when using them for extremal dependence inference or tail extrapolation. In this article, a novel class of factor-vine copula models is introduced. It is designed for modeling the dependence of extreme insurance losses within the context of the National Flood Insurance Program (NFIP), with broader applicability to space-time dependence modeling in multivariate time series data featuring a clustering structure. The proposed model is a specialized graphical vine dependence model with a latent factor structure. It integrates the advantages of both vine and factor copulas by allowing for great flexibility in tail dependence modeling while maintaining interpretability through a parsimonious latent structure. It is also shown how the incorporation of univariate extreme-value margins and tail-weighted dependence measures within the factor-vine model can address current challenges associated with using parametric copulas for extreme inference. Applications of the proposed model are discussed in the context of the NFIP, focusing on its efficacy in evaluating the risks associated with extreme weather events. Supplementary materials for this article are available online, including a standardized description of the materials available for reproducing the work.",http://hdl.handle.net/10.1080/01621459.2025.2579953
Journal of the American Statistical Association,2026,Efficient Optimization of Plasma Radiation Detector Configurations using Imperfect Inference Models,"Difan Song, William E. Lewis, Patrick F. Knapp, C. F. Jeff Wu and V. Roshan Joseph","The configurations of instruments fielded on an experiment affect the amount of information captured and the quality of subsequent inference. We investigate the problem of optimizing plasma x-ray radiation detectors in a magneto-inertial fusion experiment at Sandia National Laboratories. It is impossible to directly measure properties such as the temperature of the thermonuclear fusion plasma produced in these experiments because of the extreme environment and destructive nature of the experiment. Among other diagnostics, several detectors are placed with significant standoff from the fusion target to capture the x-rays emitted by the fusion plasma, which can be used to infer some of its properties. To optimize the configuration of these detectors, a high-fidelity model (HFM) is used for simulating outputs and a low-fidelity model (LFM) is used for inference. We develop methods based on A- and L-optimality criteria that are efficient to compute while explicitly accounting for the discrepancy between the HFM and the LFM. The method allows us to find detector configurations that perform similarly to or better than the configuration obtained using an existing sampling-based optimization method while decreasing computational time by a factor of 50. Supplementary materials for this article are available online, including a standardized description of the materials available for reproducing the work.",http://hdl.handle.net/10.1080/01621459.2025.2582601
Journal of the American Statistical Association,2026,PALAR: Estimation of Absolute Abundance Effects in Regression with Relative Abundance Predictors,"Yiluan Li, Qiyu Wang, Zekang Feng, Xueqin Wang and Zheng-Zheng Tang","High-dimensional compositional data are ubiquitous in omics research. Microbiome sequencing experiments measure the relative abundances (proportions) of microbial features, while the absolute abundances within the ecosystem remain unobserved. Most regression methods with microbial relative abundance predictors rely on log-ratio transformations and typically impose sparsity on the regression coefficients to manage high dimensionality. However, we show that the sparsity assumption often does not hold for these coefficients. To address this issue, we systematically investigate the relationship between the log-ratio regression and the absolute abundance regression. Motivated by the connection, we propose PALAR, a simple and efficient approach for estimating sparse absolute abundance effects using penalized regression with predictors derived from a new compositional transformation. We applied PALAR to four microbiome studies on colorectal cancer, demonstrating its advantages over existing methods in consistently identifying disease-relevant microbial species and improving prediction accuracy and generalizability. Supplementary materials for this article are available online, including a standardized description of the materials available for reproducing the work.",http://hdl.handle.net/10.1080/01621459.2025.2596250
Journal of the American Statistical Association,2026,The Effect of Alcohol Intake on Brain White Matter Microstructural Integrity: A New Causal Inference Framework for Incomplete Phenomic Data,"Chixiang Chen, Shuo Chen, Zhenyao Ye, Xu Shi, Tianzhou Ma and Michelle Shardell","Although substance use, such as alcohol intake, is known to be associated with cognitive decline during aging, its direct influence on the central nervous system remains incompletely understood. In this study, we investigate the influence of alcohol intake frequency on reduction of brain white matter microstructural integrity in the fornix, a brain region considered a promising marker of age-related microstructural degeneration, using a large UK Biobank (UKB) cohort with extensive phenomic data reflecting a comprehensive lifestyle profile. Two major challenges arise: (a) potentially nonlinear confounding effects from phenomic variables and (b) a limited proportion of participants with complete phenomic data. To address these challenges, we develop a novel ensemble learning framework tailored for robust causal inference and introduce a data integration step to incorporate information from UKB participants with incomplete phenomic data, improving estimation efficiency. Our analysis reveals that daily alcohol intake may significantly reduce fractional anisotropy, a neuroimaging-derived measure of white matter structural integrity, in the fornix and increase systolic and diastolic blood pressure levels. Moreover, extensive numerical studies demonstrate the superiority of our method over competing approaches in terms of estimation bias, while outcome regression-based estimators may be preferred when minimizing mean squared error is prioritized. Supplementary materials for this article are available online, including a standardized description of the materials available for reproducing the work.",http://hdl.handle.net/10.1080/01621459.2025.2542553
Journal of the American Statistical Association,2026,Deep Discrete Encoders: Identifiable Deep Generative Models for Rich Data with Discrete Latent Layers,Seunghyun Lee and Yuqi Gu,"In the era of generative AI, deep generative models (DGMs) with latent representations have gained tremendous popularity. Despite their impressive empirical performance, the statistical properties of these models remain underexplored. DGMs are often overparameterized, non-identifiable, and uninterpretable black boxes, raising serious concerns when deploying them in high-stakes applications. Motivated by this, we propose interpretable deep generative models for rich data types with discrete latent layers, called Deep Discrete Encoders (DDEs). A DDE is a directed graphical model with multiple binary latent layers. Theoretically, we propose transparent identifiability conditions for DDEs, which imply progressively smaller sizes of the latent layers as they go deeper. Identifiability ensures consistent parameter estimation and inspires an interpretable design of the deep architecture. Computationally, we propose a scalable estimation pipeline of a layerwise nonlinear spectral initialization followed by a penalized stochastic approximation EM algorithm. This procedure can efficiently estimate models with exponentially many latent components. Extensive simulation studies for high-dimensional data and deep architectures validate our theoretical results and demonstrate the excellent performance of our algorithms. We apply DDEs to three diverse real datasets with different data types to perform hierarchical topic modeling, image representation learning, and response time modeling in educational testing. Supplementary materials for this article are available online, including a standardized description of the materials available for reproducing the work.",http://hdl.handle.net/10.1080/01621459.2025.2587922
Journal of the American Statistical Association,2026,Reinforcement Learning with Continuous Actions Under Unmeasured Confounding,"Yuhan Li, Eugene Han, Yifan Hu, Wenzhuo Zhou, Zhengling Qi, Yifan Cui and Ruoqing Zhu","This article addresses the challenge of offline policy learning in continuous action spaces when unmeasured confounders are present. While most existing research focuses on policy evaluation within partially observable Markov decision processes (POMDPs) and assumes discrete action spaces, we advance this field by establishing a novel identification result to enable the nonparametric estimation of policy value for a given target policy under an infinite-horizon framework. Leveraging this identification, we develop a minimax estimator and introduce a policy-gradient-based algorithm to identify the in-class optimal policy that maximizes the estimated policy value. Furthermore, we provide theoretical results regarding the consistency, finite-sample error bound, and regret bound of the resulting optimal policy. Extensive simulations and a real-world application using the German Family Panel data demonstrate the effectiveness of our proposed methodology. Supplementary materials for this article are available online, including a standardized description of the materials available for reproducing the work.",http://hdl.handle.net/10.1080/01621459.2025.2590175
Journal of the American Statistical Association,2026,Deep Clustering Evaluation: How to Validate Internal Clustering Validation Measures,Zeya Wang and Chenglong Ye,"Deep clustering partitions complex high-dimensional data using deep neural networks for clustering. It involves projecting data into lower-dimensional embeddings before partitioning, which embarks unique evaluation challenges. Traditional clustering validation measures, designed for low-dimensional spaces, are problematic for deep clustering for two reasons: (a) the curse of dimensionality when applied to the high-dimensional input data, and (b) unreliable comparison of clustering results when applied to embedded data from different embedding spaces, owing to variations in training procedures and model parameter settings. This article addresses these unresolved and often overlooked challenges in evaluating clustering within deep learning. We propose a systematic evaluation framework for internal clustering validation measures that: (a) theoretically establishes why traditional measures are ineffective when applied to input data or across disparate embedding spaces paired with partitioning outcomes; (b) identifies embedding spaces that endorse reliable evaluations by detecting groups with high agreement in ranking partitioning outcomes; and (c) develops a stable and robust scoring scheme by weighting index values computed across these identified embedding spaces. Experiments show that this new framework aligns better with external measures, effectively reducing the misguidance from the improper use of internal validation measures in deep clustering evaluation. Supplementary materials for this article are available online, including a standardized description of the materials available for reproducing the work.",http://hdl.handle.net/10.1080/01621459.2025.2592926
Journal of the American Statistical Association,2026,Variable Significance Testing for the Deep Cox Model,"Qixian Zhong, Jonas Mueller and Jane-Ling Wang","Deep learning has become enormously popular in the analysis of complex data, including event time measurements with censoring. To date, deep survival methods have mainly focused on prediction. Such methods are scarcely used in matters of statistical inference such as hypothesis testing. Due to their black-box nature, deep-learned outcomes lack interpretability which limits their use for decision-making in biomedical applications. This article provides estimation and inference methods for the nonparametric Cox model—a flexible family of models with a nonparametric link function to avoid model misspecification. Here we assume the nonparametric link function is modeled via a deep neural network. To perform statistical inference, we use sample splitting and cross-fitting procedures to get neural network estimators and construct test statistic. These procedures enable us to propose a new significance test to examine the association of certain covariates with event times. We establish convergence rates of the neural network estimators, and show that deep learning can overcome the curse of dimensionality in nonparametric regression by learning to exploit low-dimensional structures underlying the data. In addition, we show that our test statistic converges to a normal distribution under the null hypothesis and establish its consistency, in terms of the Type II error, under the alternative hypothesis. Numerical simulations and a real data application demonstrate the usefulness of the proposed test. Supplementary materials for this article are available online.",http://hdl.handle.net/10.1080/01621459.2026.2615850
Journal of the American Statistical Association,2026,Towards Better Statistical Understanding of Watermarking LLMs,"Zhongze Cai, Shang Liu, Hanzhao Wang, Huaiyang Zhong and Xiaocheng Li","In this article, we study the problem of watermarking large language models (LLMs). We consider the tradeoff between model distortion and detection ability and formulate it as a constrained optimization problem based on the red-green list watermarking algorithm. We show that the optimal solution to the optimization problem enjoys a nice analytical property which provides a better understanding and inspires the algorithm design for the watermarking process. We develop an online dual gradient ascent watermarking algorithm in light of this optimization formulation and prove its asymptotic Pareto optimality between model distortion and detection ability. Such a result guarantees an averaged increased green list probability and henceforth detection ability explicitly (in contrast to previous results). Moreover, we provide a systematic discussion on the choice of the model distortion metrics for the watermarking problem. We justify our choice of KL divergence and present issues with the existing criteria of “distortion-free” and perplexity. Finally, we empirically evaluate our algorithms on extensive datasets against benchmark algorithms. Supplementary materials for this article are available online.",http://hdl.handle.net/10.1080/01621459.2026.2618290
Journal of the American Statistical Association,2026,Toward Interpretable Deep Generative Models via Causal Representation Learning,Gemma Moran and Bryon Aragam,"Recent developments in generative artificial intelligence (AI) rely on machine learning techniques such as deep learning and generative modeling to achieve state-of-the-art performance across wide-ranging domains. These methods’ surprising performance is due in part to their ability to learn implicit “representations” of complex, multi-modal data. Unfortunately, deep neural networks are notoriously black boxes that obscure these representations, making them difficult to interpret or analyze. To resolve these difficulties, one approach is to build new interpretable neural network models from the ground up. This is the goal of the emerging field of causal representation learning (CRL) that uses causality as a vector for building flexible, interpretable, and transferable generative AI. CRL can be seen as a synthesis of three intrinsically statistical ideas: (i) latent variable models such as factor analysis; (ii) causal graphical models with latent variables; and (iii) nonparametric statistics and deep learning. This article introduces CRL from a statistical perspective, focusing on connections to classical models as well as statistical and causal identifiability results. We also highlight key application areas, implementation strategies, and open statistical questions. Supplementary materials for this article are available online, including a standardized description of the materials available for reproducing the work.",http://hdl.handle.net/10.1080/01621459.2026.2620154
Journal of the American Statistical Association,2026,Data-Driven Knowledge Transfer in Batch Q* Learning,"Elynn Chen, Xi Chen and Wenbo Jing","In data-driven decision-making across marketing, healthcare, and education, leveraging large datasets from existing ventures is crucial for navigating high-dimensional feature spaces and addressing data scarcity in new ventures. We investigate knowledge transfer in dynamic decision-making by focusing on batch stationary environments and formally defining task discrepancies through the framework of Markov decision processes (MDPs). We propose the Transfer Fitted Q-Iteration algorithm with general function approximation, which enables direct estimation of the optimal action-state function Q∗ using both target and source data. Under sieve approximation, we establish the relationship between statistical performance and the MDP task discrepancy, highlighting the influence of source and target sample sizes and task discrepancy on the effectiveness of knowledge transfer. Our theoretical and empirical results demonstrate that the final learning error of the function is significantly reduced compared to the single-task learning rate. Supplementary materials for this article are available online, including a standardized description of the materials available for reproducing the work.",http://hdl.handle.net/10.1080/01621459.2025.2603731
Journal of the American Statistical Association,2026,Data-Driven Tuning Parameter Selection for High-Dimensional Vector Autoregressions,"Anders Kock, Rasmus S. Pedersen and Jesper R.-V. Sørensen","Lasso-type estimators are routinely used to estimate high-dimensional time series models. The theoretical guarantees established for these estimators typically require the penalty level to be chosen in a suitable fashion often depending on unknown population quantities. Furthermore, the resulting estimates and the number of variables retained in the model depend crucially on the chosen penalty level. However, there is currently no theoretically founded guidance for this choice in the context of high-dimensional time series. Instead, one resorts to selecting the penalty level in an ad hoc manner using, for example, information criteria or cross-validation. We resolve this problem by considering estimation of the perhaps most commonly employed multivariate time series model, the linear vector autoregressive (VAR) model, and propose versions of the Lasso, post-Lasso, and square-root Lasso estimators with penalization chosen in a fully data-driven way. The theoretical guarantees that we establish for the resulting estimation and prediction errors match those currently available for methods based on infeasible choices of penalization. We thus provide a first solution for choosing the penalization in high-dimensional time series models. Supplementary materials for this article are available online, including a standardized description of the materials available for reproducing the work.",http://hdl.handle.net/10.1080/01621459.2025.2516190
Journal of the American Statistical Association,2026,Incorporating Auxiliary Variables to Improve the Efficiency of Time-Varying Treatment Effect Estimation,"Jieru Shi, Zhenke Wu and Walter Dempsey","Contextual sensing and delivery of digital interventions to improve health outcomes have gained significant traction in behavioral and psychiatric studies. Micro-randomized trials (MRTs) are a common experimental design for obtaining data-driven evidence on the effectiveness of digital interventions where each individual is repeatedly randomized to receive treatments over numerous time points. Throughout the study, individual characteristics and contextual factors around randomization are collected, with some prespecified as moderators for assessing time-varying causal effect moderation. However, many additional measurements beyond these moderators often go underutilized. Some of these may influence treatment randomization or known to strongly moderate the treatment effect. Incorporating such auxiliary information into the estimation procedure can reduce chance imbalances and improve asymptotic estimation efficiency. In this work, we propose a method to adjust for auxiliary variables in consistently estimating time-varying intervention effects. The approach can also be extended to include post-treatment auxiliary variables when evaluating lagged treatment effects. Under specific conditions, local efficiency gains are guaranteed. We demonstrate the method’s utility through simulation studies and an analysis of data from the Intern Health Study (NeCamp et al.). Supplementary materials for this article are available online, including a standardized description of the materials available for reproducing the work.",http://hdl.handle.net/10.1080/01621459.2025.2516197
Journal of the American Statistical Association,2026,"Design-Based Causal Inference with Missing Outcomes: Missingness Mechanisms, Imputation-Assisted Randomization Tests, and Covariate Adjustment","Siyu Heng, Jiawei Zhang and Yang Feng","Design-based causal inference, also known as randomization-based or finite-population causal inference, is one of the most widely used causal inference frameworks, largely due to the merit that its validity can be guaranteed by study design (e.g., randomized experiments) and does not require assuming specific outcome-generating distributions or super-population models. Despite its advantages, design-based causal inference can still suffer from other issues, among which outcome missingness is a prevalent and significant challenge. This work systematically studies the outcome missingness problem in design-based causal inference. First, we propose a general and flexible outcome missingness mechanism that can facilitate finite-population-exact randomization tests of no treatment effect. Second, under this general missingness mechanism, we propose a general framework called “imputation and re-imputation” for conducting randomization tests in design-based causal inference with missing outcomes. We prove that our framework can still ensure finite-population-exact Type-I error rate control even when the imputation model was misspecified or when unobserved covariates or interference exist in the missingness mechanism. Third, we extend our framework to conduct covariate adjustment in randomization tests and construct finite-population-valid confidence regions with missing outcomes. Our framework is evaluated via extensive simulation studies and applied to a large-scale randomized experiment. Supplementary materials for this article are available online, including a standardized description of the materials available for reproducing the work.",http://hdl.handle.net/10.1080/01621459.2025.2516204
Journal of the American Statistical Association,2026,Mutually Exciting Point Processes with Latency,Yoann Potiron and Vladimir Volkov,"A novel statistical approach to estimating latency, defined as the time it takes to learn about an event and generate response to this event, is proposed. Our approach only requires a multidimensional point process describing event times, which circumvents the use of more detailed datasets which may not even be available. We consider the class of parametric Hawkes models capturing clustering effects and define latency as a known function of kernel parameters, typically the mode of kernel function. Since latency is not well-defined when the kernel is exponential, we consider maximum likelihood estimation in the mixture of generalized gamma kernels case and derive the feasible central limit theory with in-fill asymptotics. As a byproduct, central limit theory for a latency estimator and related tests are provided. Our numerical study corroborates the theory. An empirical application on high frequency data transactions from the New York Stock Exchange and Toronto Stock Exchange shows that latency estimates for the United States and Canadian stock exchanges vary between 1 and 6 milliseconds from 2020 to 2021. Supplementary materials for this article are available online, including a standardized description of the materials available for reproducing the work.",http://hdl.handle.net/10.1080/01621459.2025.2516209
Journal of the American Statistical Association,2026,A Practical Interval Estimation Method for Spectral Density Function,"Haihan Yu, Mark S. Kaiser and Daniel J. Nordman","The spectral density function can play a key role in time series analysis, where nonparametric interval estimation of the spectral density is a fundamental issue. However, the prevailing pointwise interval methods for spectral densities, including Chi-square approximation and frequency domain bootstrap (FDB), can be misleading in practice, perhaps more so than appreciated, as confidence intervals often exhibit low coverage accuracy as well as high sensitivity to tuning parameters. To provide a practical alternative, we propose a new hybrid method that combines the strengths of empirical likelihood (EL) and FDB. The method involves developing an EL statistic for spectral density inference along with a corresponding bootstrap approximation under time dependence, where we allow for general time processes as well as for two different types of kernel smoothing found in application (so-called A- or K-windows). Such windows require differing theories and implementations in practice. As an advantage, the FDB-EL procedure is formally valid under mild conditions for application to a broad range of processes, including both linear and nonlinear time series. Simulation studies demonstrate that FDB-EL-based confidence intervals are effective compared to other methods, as intervals maintain good coverage accuracy while being less sensitive to bandwidth parameters. The confidence interval procedure is illustrated with an application to studying the wind spectrum. Extension to simultaneous confidence intervals has also been discussed. Supplementary materials for this article are available online, including a standardized description of the materials available for reproducing the work.",http://hdl.handle.net/10.1080/01621459.2025.2516211
Journal of the American Statistical Association,2026,Testing Elliptical Models in High Dimensions,Siyao Wang and Miles E. Lopes,"Due to the broad applications of elliptical models, there is a long line of research on goodness-of-fit tests for empirically validating them. However, the existing literature on this topic is generally confined to low-dimensional settings, and to the best of our knowledge, there are no established goodness-of-fit tests for elliptical models that are supported by theoretical guarantees in high dimensions. In this article, we propose a new goodness-of-fit test for this problem, and our main result shows that the test is asymptotically valid when the dimension and sample size diverge proportionally. Remarkably, it also turns out that the asymptotic validity of the test requires no assumptions on the population covariance matrix. With regard to numerical performance, we confirm that the empirical level of the test is close to the nominal level across a range of conditions, and that the test is able to reliably detect non-elliptical distributions. Moreover, when the proposed test is specialized to the problem of testing normality in high dimensions, we show that it compares favorably with a state-of-the-art method, and hence, this way of using the proposed test is of independent interest. Supplementary materials for this article are available online, including a standardized description of the materials available for reproducing the work.",http://hdl.handle.net/10.1080/01621459.2025.2518617
Journal of the American Statistical Association,2026,Adaptive Selection for False Discovery Rate Control Leveraging Symmetry,"Kehan Wang, Yuexin Chen, Yixin Han, Wangli Xu and Linglong Kong","Controlling the false discovery rate (FDR) in high-dimensional multiple testing has recently been advanced through mirror statistics via knockoff and data splitting. However, these approaches primarily emphasize the symmetry structure of the one-dimensional mirror statistics while inadvertently overlooking the distribution information from non-null features when determining the rejection region, potentially causing a power loss. To tackle this challenge, we present a novel framework termed symmetry-based adaptive selection (SAS), which leverages the symmetry property of the two-dimensional statistics associated with the null features to estimate the local FDR and thereby determine the rejection region. We provide theoretical evidence for the asymptotic validity of FDR control and emphasize the superior power performance of our proposed SAS. Extensive numerical results from both synthetic experiments and two real-world datasets demonstrate that the proposed SAS achieves satisfactory FDR control and significant power improvements over existing methods. Supplementary materials for this article are available online, including a standardized description of the materials available for reproducing the work.",http://hdl.handle.net/10.1080/01621459.2025.2519814
Journal of the American Statistical Association,2026,Higher-Order Accurate Two-Sample Network Inference and Network Hashing,"Meijia Shao, Dong Xia, Yuan Zhang, Qiong Wu and Shuo Chen","Two-sample hypothesis testing for network comparison presents many significant challenges, including: leveraging repeated network observations and known node registration, but without requiring them to operate; relaxing strong structural assumptions; achieving finite-sample higher-order accuracy; handling different network sizes and sparsity levels; fast computation and memory parsimony; controlling false discovery rate (FDR) in multiple testing; and theoretical understandings, particularly regarding finite-sample accuracy and minimax optimality. In this article, we develop a comprehensive toolbox, featuring a novel main method and its variants, all accompanied by strong theoretical guarantees, to address these challenges. Our method outperforms existing tools in speed and accuracy, and it is proved power-optimal. Our algorithms are user-friendly and versatile in handling various data structures (single or repeated network observations; known or unknown node registration). We also develop an innovative framework for offline hashing and fast querying as a very useful tool for large network databases. We showcase the effectiveness of our method through comprehensive simulations and applications to two real-world datasets, which revealed intriguing new structures. Supplementary materials for this article are available online, including a standardized description of the materials available for reproducing the work.",http://hdl.handle.net/10.1080/01621459.2025.2520459
Journal of the American Statistical Association,2026,Checking the Cox Proportional Hazards Model with Interval-Censored Data,"Yangjianchen Xu, Donglin Zeng and D. Y. Lin","This article presents a general framework for checking the adequacy of the Cox proportional hazards model with interval-censored data, which arise when the event of interest is known only to occur over a random time interval. Specifically, we construct certain stochastic processes that are informative about various aspects of the model, that is, the functional forms of covariates, the exponential link function and the proportional hazards assumption. We establish their weak convergence to zero-mean Gaussian processes under the assumed model through empirical process theory. We then approximate the limiting distributions by Monte Carlo simulation and develop graphical and numerical procedures to check model assumptions and improve goodness of fit. We evaluate the performance of the proposed methods through extensive simulation studies and provide an application to the Atherosclerosis Risk in Communities Study. Supplementary materials for this article are available online, including a standardized description of the materials available for reproducing the work.",http://hdl.handle.net/10.1080/01621459.2025.2520460
Journal of the American Statistical Association,2026,On a Notion of Graph Centrality Based on L1 Data Depth,Seungwoo Kang and Hee-Seok Oh,"A new measure, L1 centrality, is proposed to assess the centrality of vertices in an undirected and connected graph. The proposed measure can adequately handle graphs with weights assigned to vertices and edges. This study provides tools for graphical and multiscale analysis based on the L1 centrality. Specifically, the suggested analysis tools include the target plot, L1 centrality-based neighborhood, and local L1 centrality. Most importantly, our work is closely associated with the concept of data depth for multivariate data, which allows for a wide range of practical applications of the proposed measure. Throughout this article, we demonstrate our tools with two interesting examples: the Marvel Cinematic Universe movie network and the bill cosponsorship network of the 21st National Assembly of South Korea. Supplementary materials for this article are available online, including a standardized description of the materials available for reproducing the work.",http://hdl.handle.net/10.1080/01621459.2025.2520467
Journal of the American Statistical Association,2026,High-Dimensional Covariance Regression with Application to Co-Expression QTL Detection,Rakheon Kim and Jingfei Zhang,"While covariance matrices have been widely studied in many scientific fields, relatively limited progress has been made on estimating conditional covariances that permits a large covariance matrix to vary with high-dimensional subject-level covariates. In this article, we present a new sparse covariance regression framework that models the covariance matrix as a function of subject-level covariates. In the context of co-expression quantitative trait locus (QTL) studies, our method can be used to determine if and how gene co-expressions vary with genetic variations. To accommodate high-dimensional responses and covariates, we stipulate a combined sparsity structure that encourages covariates with nonzero effects and edges that are modulated by these covariates to be simultaneously sparse. We approach parameter estimation with a blockwise coordinate descent algorithm, and investigate the l1 and l2 convergence rate of the estimated parameters. In addition, we propose a computationally efficient debiased inference procedure for uncertainty quantification. The efficacy of the proposed method is demonstrated through numerical experiments and an application to a gene co-expression network study with brain cancer patients. Supplementary materials for this article are available online, including a standardized description of the materials available for reproducing the work.",http://hdl.handle.net/10.1080/01621459.2025.2520996
Journal of the American Statistical Association,2026,Kernel Density Estimation with Polyspherical Data and its Applications,Eduardo García-Portugués and Andrea Meilán-Vila,"A kernel density estimator for data on the polysphere Sd1×⋯×Sdr, with r,d1,…,dr≥1, is presented in this article. We derive the main asymptotic properties of the estimator, including mean square error, normality, and optimal bandwidths. We address the kernel theory of the estimator beyond the von Mises–Fisher kernel, introducing new kernels that are more efficient and investigating normalizing constants, moments, and sampling methods thereof. Plug-in and cross-validated bandwidth selectors are also obtained. As a spin-off of the kernel density estimator, we propose a nonparametric k-sample test based on the Jensen–Shannon divergence that is consistent against alternatives with non-homogeneous densities. Numerical experiments illuminate the asymptotic theory of the kernel density estimator and demonstrate the superior performance of the k-sample test with respect to parametric alternatives in certain scenarios. Our smoothing methodology is applied to the analysis of the morphology of a sample of hippocampi of infants embedded on the high-dimensional polysphere (S2)168 through skeletal representations (s-reps). Supplementary materials for this article are available online, including a standardized description of the materials available for reproducing the work.",http://hdl.handle.net/10.1080/01621459.2025.2521898
Journal of the American Statistical Association,2026,Testing and Support Recovery in Population-Based Image Data,"Lianqiang Qu, Jian Huang, Liuquan Sun and Hongtu Zhu","In this article, we propose a multiscale adaptive test to detect differences between two samples of intrinsically smoothed image data in high-dimensional context. The test aggregates data from nearby locations using adaptive weights, significantly enhancing statistical power. We demonstrate that the test statistic converges to a Gumbel extreme value distribution under the null hypothesis. Moreover, we investigate its multiscale nature, showing that the chosen scales can grow at a specific polynomial rate of the sample size. We also evaluate its power against sparse alternatives and establish that with probability approaching one, the proposed method can identify the locations where the two means differ from each other. Additionally, we extend the proposed method to multi-sample ANOVA tests. Simulation results suggest that the proposed test outperforms the non-multiscale method that ignores spatial features of imaging data. The procedures are illustrated using a real dataset from the Alzheimer’s Disease Neuroimaging Initiative study. Supplementary materials for this article are available online, including a standardized description of the materials available for reproducing the work.",http://hdl.handle.net/10.1080/01621459.2025.2525585
Journal of the American Statistical Association,2026,Integrated Path Stability Selection,Omar Melikechi and Jeffrey W. Miller,"Stability selection is a popular method for improving feature selection algorithms. One of its key attributes is that it provides theoretical upper bounds on the expected number of false positives, E(FP), enabling false positive control in practice. However, stability selection often selects few features because existing bounds on E(FP) are relatively loose. In this article, we introduce a novel approach to stability selection based on integrating stability paths rather than maximizing over them. This yields upper bounds on E(FP) that are much stronger than previous bounds, leading to significantly more true positives in practice for the same target E(FP). Furthermore, our method requires no more computation than the original stability selection algorithm. We demonstrate the method on simulations and real data from two cancer studies. Supplementary materials for this article are available online, including a standardized description of the materials available for reproducing the work.",http://hdl.handle.net/10.1080/01621459.2025.2525589
Journal of the American Statistical Association,2026,Statistical Quantile Learning for Large Additive Latent Variable Models,"Julien Bodelet, Guillaume Blanc, Jiajun Shan, Graciela Muniz Terrera and Oliver Y. Chén","Large and complex datasets, emerging from technological advancements in fields such as genomics and brain imaging, hold ample promise for gaining new scientific insights. Yet, their inherent nonlinearity and high dimensionality present considerable theoretical, methodological, and application challenges to the statistics and machine learning community. This article introduces Statistical Quantile Learning (SQL), a new nonparametric method for estimating large additive latent variable models. The distinguishing features of the SQL framework include the following. (i) A nonparametric approach relying on penalization and sieves: it offers a scalable and computationally simple, yet potent, alternative to deep learning methods. (ii) Rooted in statistical theory: SQL is consistent and achieves optimal rates of convergence in the large-dimensional case under mild assumptions. (iii) Adapted to large and high dimensional settings: we show that, numerically and theoretically, SQL’s performance improves as the data dimensionality increases. (iv) Interpretability through an identifiable additive model structure. After presenting the theoretical properties, we show that SQL can outperform variational autoencoders (VAE) in simulation studies. Finally, we apply SQL to high-dimensional gene expression data (consisting of 20,263 genes from 801 subjects), where the proposed method identifies latent factors predictive of five cancer types. Supplementary materials for this article are available online, including a standardized description of the materials available for reproducing the work.",http://hdl.handle.net/10.1080/01621459.2025.2526697
Journal of the American Statistical Association,2026,Design-Based Uncertainty for Quasi-Experiments,Ashesh Rambachan and Jonathan Roth,"Design-based frameworks of uncertainty are frequently used in settings where the treatment is (conditionally) randomly assigned. This article develops a design-based framework suitable for analyzing quasi-experimental settings in the social sciences, in which the treatment assignment can be viewed as the realization of some stochastic process but there is concern about unobserved selection into treatment. In our framework, treatments are stochastic, but units may differ in their probabilities of receiving treatment, thereby allowing for rich forms of selection. We provide conditions under which the estimands of popular quasi-experimental estimators correspond to interpretable finite-population causal parameters. We characterize the biases and distortions to inference that arise when these conditions are violated. These results can be used to conduct sensitivity analyses when there are concerns about selection into treatment. Taken together, our results establish a rigorous foundation for quasi-experimental analyses that more closely aligns with the way empirical researchers discuss the variation in the data. Supplementary materials for this article are available online, including a standardized description of the materials available for reproducing the work.",http://hdl.handle.net/10.1080/01621459.2025.2526700
Journal of the American Statistical Association,2026,Long-Term Effect Estimation When Combining Clinical Trial and Observational Follow-Up Datasets,"Gang Cheng, Yen-Chi Chen, Joseph M. Unger, Cathee Till and Ying-Qi Zhao","Combining experimental and observational follow-up datasets has received much attention lately. In a survival setting, recent work has used Medicare claims to extend the follow-up period for participants in a prostate cancer clinical trial. This allows the estimation of the long-term effect that cannot be estimated by the trial data alone. In this article, we study the estimation of long-term effect when participants in a clinical trial are linked to an observational follow-up dataset. Such linkages are often incomplete and we formulate incomplete linkages as a missing data problem. We use the popular Cox model to define the long-term effect and we propose two approaches to deal with the missing data problem. The first approach, termed non-linked-as-censored (NLAC), is a simple approach that works when Cox model is correctly specified and linkage satisfies a conditionally independent assumption. To gain robustness against model mis-specification, we propose an inverse probability of linkage weighted approach, along with the augmented inverse probability of weighted method, based on a novel conditional linking at random (CLAR) assumption. We further extend our approach to incorporate time-dependent covariates. Simulation results confirm the validity of our method and we apply our methods to the SWOG study. Supplementary materials for this article are available online, including a standardized description of the materials available for reproducing the work.",http://hdl.handle.net/10.1080/01621459.2025.2526703
Journal of the American Statistical Association,2026,Design and Analysis of Randomized Trials to Estimate Spatio-Temporally Heterogeneous Treatment Effects,Samuel I. Watson and Thomas A. Smith,"In this article, we consider randomized trial design to evaluate interventions with spatially or spatio-temporally heterogeneous effects. A common approach in this setting is the cluster randomized trial. In many cases, clusters are constituted as discrete subdivisions of a contiguous area of interest. However, cluster trials designed in this way may suffer from issues of spillover and may fail to capture the relevant spatial and temporal effects. We define possible randomization schemes and consider the identifiability of the causal effects of the intervention and the required trial design assumptions. We develop mixed model and dose response function specifications that satisfy the required assumptions. We show that the dose response functions are identifiable under certain randomization schemes and compare the performance of estimators in a simulation-based study. We demonstrate that obtaining valid inference may be difficult in these settings but that design-based estimators of confidence intervals and p-values generally perform well. Finally, we present design examples, including a re-analysis of data from a trial of an interventions to reduce the risk of malaria. Supplementary materials for this article are available online, including a standardized description of the materials available for reproducing the work.",http://hdl.handle.net/10.1080/01621459.2025.2527424
Journal of the American Statistical Association,2026,SOFARI: High-Dimensional Manifold-Based Inference,"Zemin Zheng, Xin Zhou, Yingying Fan and Jinchi Lv","Multi-task learning is a widely used technique for harnessing information from various tasks. Recently, the sparse orthogonal factor regression (SOFAR) framework, based on the sparse singular value decomposition (SVD) within the coefficient matrix, was introduced for interpretable multi-task learning, enabling the discovery of meaningful latent feature-response association networks across different layers. However, conducting precise inference on the latent factor matrices has remained challenging due to the orthogonality constraints inherited from the sparse SVD constraints. In this article, we suggest a novel approach called the high-dimensional manifold-based SOFAR inference (SOFARI), drawing on the Neyman near-orthogonality inference while incorporating the Stiefel manifold structure imposed by the SVD constraints. By leveraging the underlying Stiefel manifold structure that is crucial to enabling inference, SOFARI provides easy-to-use bias-corrected estimators for both latent left factor vectors and singular values, for which we show to enjoy the asymptotic mean-zero normal distributions with estimable variances. We introduce two SOFARI variants to handle strongly and weakly orthogonal latent factors, where the latter covers a broader range of applications. We illustrate the effectiveness of SOFARI and justify our theoretical results through simulation examples and a real data application in economic forecasting. Supplementary materials for this article are available online, including a standardized description of the materials available for reproducing the work.",http://hdl.handle.net/10.1080/01621459.2025.2529026
Journal of the American Statistical Association,2026,Fast Approximation of Shapley Values Through Fractional Factorial Designs,"Zheng Zhou, Robert Mee, Herbert Hamers and Wei Zheng","The Shapley value is a well-known concept in cooperative game theory that provides a fair way to distribute revenues or costs among players. It has found applications in many fields besides economics, such as marketing and biology. Recently, it has been widely applied in data science for data quality evaluation and model interpretation. However, the computation of the Shapley value is an NP-hard problem. For a cooperative game with n players, calculating Shapley values for all players requires evaluating the values for 2n different coalitions, which makes it infeasible for large n. In this article, we reveal the connection between cooperative games and two-level factorial experiments. For any coalition, each player’s participation status can be represented as a two-level factor, while the coalition value can be viewed as the expected response of an experimental trial under the corresponding factor level combination. Building on this connection, we derive a factorial-effect representation of the Shapley value and propose a fast approximation approach based on a newly proposed fractional factorial design. Under certain conditions, our approach can obtain true Shapley values by evaluating values of fewer than 4n2−4 different coalitions. Generally, highly accurate approximations of Shapley values can also be obtained by evaluating values of additional O(n2) coalitions. Multiple simulations and real case examples demonstrate that, with equivalent computational cost, our method provides significantly more accurate approximations than several popular methods. Supplementary materials for this article are available online, including a standardized description of the materials available for reproducing the work.",http://hdl.handle.net/10.1080/01621459.2025.2529027
Journal of the American Statistical Association,2026,A Goodness-of-Fit Assessment for General Learning Procedures in High Dimensions,"Chenxuan He, Canyi Chen and Liping Zhu","Black-box learners have demonstrated remarkable success across various fields due to their high predictive accuracy. However, the complexity of their learning procedures poses significant challenges in evaluating whether a given learner has achieved optimal performance on datasets with unknown data-generating mechanisms. We propose a general goodness-of-fit test for assessing different learning procedures involving high-dimensional predictors, encompassing methods from classical linear regression to advanced neural networks. Our goodness-of-fit test leverages data-splitting, using the test set to evaluate the black-box learner trained on the training set. By examining the cumulative covariance of the residuals, our method can effectively handle high-dimensional predictors. Extensive simulations and three real data analyses validate the effectiveness of our method. Supplementary materials for this article are available online, including a standardized description of the materials available for reproducing the work.",http://hdl.handle.net/10.1080/01621459.2025.2529602
Journal of the American Statistical Association,2026,Estimation of Out-of-Sample Sharpe Ratio for High Dimensional Portfolio Optimization,"Xuran Meng, Yuan Cao and Weichen Wang","Portfolio optimization aims at constructing a realistic portfolio with significant out-of-sample performance, which is typically measured by the out-of-sample Sharpe ratio. However, due to in-sample optimism, it is inappropriate to use the in-sample estimated covariance to evaluate the out-of-sample Sharpe, especially in the high dimensional settings. In this article, we propose a novel method to estimate the out-of-sample Sharpe ratio using only in-sample data, based on random matrix theory. Furthermore, portfolio managers can use the estimated out-of-sample Sharpe as a criterion to decide the best tuning for constructing their portfolios. Specifically, we consider the classical framework of Markowits mean-variance portfolio optimization under high dimensional regime of p/n→c∈(0,∞), where p is the portfolio dimension and n is the number of samples or time points. We propose to correct the sample covariance by a regularization matrix and provide a consistent estimator of its Sharpe ratio. The new estimator works well under either of the following conditions: (a) bounded covariance spectrum, (b) arbitrary number of diverging spikes when c",http://hdl.handle.net/10.1080/01621459.2025.2535757
Journal of the American Statistical Association,2026,Improved Bounds and Inference on Optimal Regimes,"Julien D. Laurendeau, Aaron L. Sarvet and Mats J. Stensrud","Point identification of causal effects requires strong assumptions that are unreasonable in many practical settings. However, bounds on these effects can often be derived under plausible assumptions. Even when these bounds are wide or cover null effects, they can guide practical decisions based on formal decision theoretic criteria. Here we derive new results on optimal treatment regimes in settings where the effect of interest is bounded. These results are driven by consideration of superoptimal regimes; we define regimes that leverage an individual’s natural treatment value, which is typically ignored in the existing literature. We obtain (sharp) bounds for the value function of superoptimal regimes, and provide performance guarantees relative to conventional optimal regimes. As a case study, we consider a commonly studied Marginal Sensitivity Model and illustrate that the superoptimal regime can be identified when conventional optimal regimes are not. We similarly illustrate this property in an instrumental variable setting. Finally, we derive efficient estimators for upper and lower bounds on the superoptimal decision criteria value functions in instrumental variable settings, building on recent results on covariate adjusted Balke-Pearl bounds. These estimators are applied to study the effect of prompt ICU admission on survival. Supplementary materials for this article are available online, including a standardized description of the materials available for reproducing the work.",http://hdl.handle.net/10.1080/01621459.2025.2537451
Journal of the American Statistical Association,2026,Debiased Calibration Estimation Using Generalized Entropy in Survey Sampling,"Yonghyun Kwon, Jae Kwang Kim and Yumou Qiu","Incorporating auxiliary information into the survey estimation is a fundamental problem in survey sampling. Calibration weighting is a widely used technique to integrate such information by adjusting design weights to meet benchmarking constraints. Traditional methods, such as those proposed by Deville and Särndal, solve this problem by minimizing a distance between calibrated and design weights. In this article, we propose a novel calibration framework that instead maximizes a generalized entropy function subject to two constraints: a benchmarking constraint to improve efficiency and a debiasing constraint involving design weights to ensure design consistency. This approach avoids placing design weights in the objective function and instead incorporates them through the constraint structure. We establish the asymptotic properties of the proposed estimator, including design consistency and asymptotic normality, and demonstrate that under Poisson sampling, a specific contrast-entropy function minimizes the asymptotic variance among a broad class of entropy functions. Simulation studies and an empirical application to agricultural survey data illustrate the advantages of our method, particularly in the presence of model misspecification or informative sampling designs. We demonstrate a real-life application using agricultural survey data collected from Kynetec, Inc. Supplementary materials for this article are available online, including a standardized description of the materials available for reproducing the work.",http://hdl.handle.net/10.1080/01621459.2025.2537452
Journal of the American Statistical Association,2026,Dimension Reduction for Large-Scale Federated Data: Statistical Rate and Asymptotic Inference,"Shuting Shen, Junwei Lu and Xihong Lin","In light of the rapidly growing large-scale data in federated ecosystems, the traditional principal component analysis (PCA) is often not applicable due to privacy protection considerations and large computational burden. Algorithms were proposed to lower the computational cost, but few can handle both high dimensionality and massive sample size under distributed settings. In this article, we propose the FAst DIstributed (FADI) PCA method for federated data when both the dimension d and the sample size n are ultra-large, by simultaneously performing parallel computing along d and distributed computing along n. Specifically, we use L parallel copies of p-dimensional fast sketches to divide the computing burden along d and aggregate the results distributively along the split samples. We present a general framework applicable to multiple statistical problems, and establish comprehensive theoretical results under the general framework. We show that FADI accelerates the computation while enjoying the same non-asymptotic error rate as the traditional PCA when Lp≥d. We also derive inferential results that characterize the asymptotic distribution of FADI, and show a phase-transition phenomenon as Lp increases. We perform extensive simulations to empirically validate our theoretical findings, and apply FADI to the 1000 Genomes data to study the population structure. Supplementary materials for this article are available online, including a standardized description of the materials available for reproducing the work.",http://hdl.handle.net/10.1080/01621459.2025.2537453
Journal of the American Statistical Association,2026,Online Policy Learning and Inference by Matrix Completion,"Congyuan Duan, Jingyang Li and Dong Xia","Is it possible to make online decisions when personalized covariates are unavailable? We take a collaborative-filtering approach for decision-making based on collective preferences. By assuming low-dimensional latent features, we formulate the covariate-free decision-making problem as a matrix completion bandit. We propose a policy learning procedure that combines an ε -greedy policy for decision-making with an online gradient descent algorithm for bandit parameter estimation. Our novel two-phase design balances policy learning accuracy and regret performance. For policy inference, we develop an online debiasing method based on inverse propensity weighting and establish its asymptotic normality. Our methods are applied to data from the San Francisco parking pricing project, revealing intriguing discoveries and outperforming the benchmark policy. Supplementary materials for this article are available online, including a standardized description of the materials available for reproducing the work.",http://hdl.handle.net/10.1080/01621459.2025.2537454
Journal of the American Statistical Association,2026,A Minimax Two-Sample Test for Functional Data via Grothendieck’s Divergence,"Yan Chen, Hongmei Lin, Xueqin Wang and Canhong Wen","Our proposed approach addresses the challenges associated with nonparametric two-sample testing for densely measured functional data. These challenges stem from the high dimensionality of data and the nature of the observation scheme. We introduce a novel metric concept for random functions known as Grothendieck’s divergence to overcome these challenges, which satisfies the homogeneity-zero equivalence property. Our approach uses a pre-smoothing technique on densely measured functional data and subsequently applies the empirical statistic to estimated curves. We establish the convergence rate of the test statistic without finite moment conditions and derive its asymptotic distributions under both null and alternative hypotheses. Due to the intractability of the limiting null distribution, we employ a permutation test to determine the critical value. Remarkably, our method achieves minimax optimality in the permutation test. This notable result has profound implications and validates the superiority of our proposed method. Our approach is highly versatile and suitable for handling various measurement error distributions. It also demonstrates robustness to heavy-tailed data or outliers through the ϵ -contamination model, rendering it an ideal choice for real-world scenarios. Through extensive numerical studies and real data analysis, we showcase that our method outperforms existing approaches in accuracy and robustness. Supplementary materials for this article are available online, including a standardized description of the materials available for reproducing the work.",http://hdl.handle.net/10.1080/01621459.2025.2537455
Journal of the American Statistical Association,2026,Effect Aliasing in Observational Studies,Paul R. Rosenbaum and José R. Zubizarreta,"In experimental design, aliasing of effects occurs in fractional factorial experiments, where certain low order factorial effects are indistinguishable from certain high order interactions: low order contrast weights may be orthogonal to one another, while their higher order interactions are aliased and not identified. In observational studies, aliasing occurs when certain combinations of covariates—for example, time period and various eligibility criteria for treatment—perfectly predict the treatment that an individual will receive, so a covariate combination is aliased with a particular treatment. In this situation, when a contrast among several groups is used to estimate a treatment effect, collections of individuals defined by contrast weights may be balanced with respect to summaries of low-order interactions between covariates and treatments, but necessarily not balanced with respect high-order interactions. We develop a theory of aliasing in observational studies, illustrate that theory in an observational study whose aliasing is more robust than conventional difference-in-differences, and develop a new form of matching to construct balanced confounded factorial designs from observational data. Supplementary materials for this article are available online, including a standardized description of the materials available for reproducing the work.",http://hdl.handle.net/10.1080/01621459.2025.2537456
Journal of the American Statistical Association,2026,Provably Efficient Posterior Sampling for Sparse Linear Regression via Measure Decomposition,Andrea Montanari and Yuchen Wu,"We consider the problem of sampling from the posterior distribution of a d-dimensional coefficient vector θ, given linear observations y=Xθ+ε. For sparse Bayesian models, such posteriors are in general multimodal, and therefore challenging to sample from. This observation has prompted the exploration of various heuristics that aim at approximating the posterior distribution. In this article, we study a different approach based on decomposing the posterior distribution into a log-concave mixture of simple product measures. This decomposition allows us to reduce sampling from a multimodal distribution of interest to sampling from a log-concave one, which is tractable and has been investigated in detail. We prove that, under mild conditions on the prior, for random designs, such measure decomposition is generally feasible when the number of samples per parameter n/d exceeds a constant threshold. We thus obtain a provably efficient (polynomial time) sampling algorithm in a regime where this was previously not known. Numerical simulations confirm that the algorithm is practical, and reveal that it has attractive statistical properties compared to state-of-the-art methods. Supplementary materials for this article are available online, including a standardized description of the materials available for reproducing the work.",http://hdl.handle.net/10.1080/01621459.2025.2537461
Journal of the American Statistical Association,2026,Inference for Low-Rank Models Without Estimating the Rank,"Jungjun Choi, Hyukjun Kwon and Yuan Liao","This article studies the inference about linear functionals of high-dimensional low-rank matrices. While most existing inference methods would require consistent estimation of the true rank, our procedure is robust to rank misspecification, making it a promising approach in applications where rank estimation can be unreliable. We estimate the low-rank spaces using pre-specified weighting matrices, known as diversified projections. A novel statistical insight is that, unlike the usual statistical wisdom that overfitting mainly introduces additional variances, the over-estimated low-rank space also gives rise to a non-negligible bias due to an implicit ridge-type regularization. We develop a new inference procedure and show that the central limit theorem holds as long as the pre-specified rank is no smaller than the true rank. In one of our applications, we study multiple testing with incomplete data in the presence of confounding factors and show that our method remains valid as long as the number of controlled confounding factors is at least as large as the true number, even when no confounding factors are present. Supplementary materials for this article are available online, including a standardized description of the materials available for reproducing the work.",http://hdl.handle.net/10.1080/01621459.2025.2538272
Journal of the American Statistical Association,2026,Inference on the Proportion of Variance Explained in Principal Component Analysis,"Ronan Perry, Snigdha Panigrahi, Jacob Bien and Daniela Witten","Principal component analysis (PCA) is a longstanding approach for dimension reduction. It rests upon the assumption that the underlying signal has low rank, and thus can be well-summarized using a small number of dimensions. The output of PCA is typically represented using a scree plot, which displays the proportion of variance explained (PVE) by each principal component. While the PVE is extensively reported in routine analyses, to the best of our knowledge the notion of inference on the PVE remains unexplored. We consider inference on a new population quantity for the PVE with respect to an unknown matrix mean. Our interest lies in the PVE of the sample principal components (as opposed to unobserved population principal components); thus, the population PVE that we introduce is defined conditional on the sample singular vectors. We show that it is possible to conduct inference, in the sense of confidence intervals, p-values, and point estimates, on this population quantity. Furthermore, we can conduct valid inference on the PVE of a subset of the principal components, even when the subset is selected using a data-driven approach such as the elbow rule. We demonstrate our approach in simulation and in an application to gene expression data. Supplementary materials for this article are available online, including a standardized description of the materials available for reproducing the work.",http://hdl.handle.net/10.1080/01621459.2025.2538895
Journal of the American Statistical Association,2026,A Powerful Transformation of Quantitative Responses for Biobank-Scale Association Studies,Yaowu Liu and Tianying Wang,"In linear regression models with non-Gaussian errors, transformations of the response variable are widely used in a broad range of applications. Motivated by various genetic association studies, transformation methods for hypothesis testing have received substantial interest. In recent years, the rise of biobank-scale genetic studies, which feature a vast number of participants that could be around half a million, spurred the need for new transformation methods that are both powerful for detecting weak genetic signals and computationally efficient for large-scale data. In this work, we propose a novel transformation method that leverages the information of the error density. This transformation leads to locally most powerful tests and therefore has strong power for detecting weak signals. To make the computation scalable to biobank-scale studies, we harnessed the nature of weak genetic signals and proposed a consistent and computationally efficient estimator of the transformation function. Through extensive simulations and a gene-based analysis of spirometry traits from the UK Biobank, we validate that our approach maintains stringent control over Type I error rates and significantly enhances statistical power over existing methods.",http://hdl.handle.net/10.1080/01621459.2025.2540083
Journal of the American Statistical Association,2026,Confidence Sets for Causal Orderings,"Y. Samuel Wang, Mladen Kolar and Mathias Drton","Causal discovery procedures aim to deduce causal relationships among variables in a multivariate dataset. While various methods have been proposed for estimating a single causal model or a single equivalence class of models, less attention has been given to quantifying uncertainty in causal discovery in terms of confidence statements. A primary challenge in causal discovery of directed acyclic graphs is determining a causal ordering among the variables, and our work offers a framework for constructing confidence sets of causal orderings that the data do not rule out. Our methodology specifically applies to identifiable structural equation models with additive errors and is based on a residual bootstrap procedure to test the goodness-of-fit of causal orderings. We demonstrate the asymptotic validity of the confidence set constructed using this goodness-of-fit test and explain how the confidence set may be used to form sub/supersets of ancestral relationships as well as confidence intervals for causal effects that incorporate model uncertainty. Supplementary materials for this article are available online, including a standardized description of the materials available for reproducing the work.",http://hdl.handle.net/10.1080/01621459.2025.2542552
Journal of the American Statistical Association,2026,Causality-Oriented Robustness: Exploiting General Noise Interventions,"Xinwei Shen, Peter Bühlmann and Armeen Taeb","Since distribution shifts are common in real-world applications, there is a pressing need to develop prediction models that are robust against such shifts. Existing frameworks, such as empirical risk minimization or distributionally robust optimization, either lack generalizability for unseen distributions or rely on postulated distance measures. Alternatively, causality offers a data-driven and structural perspective to robust predictions. However, the assumptions necessary for causal inference can be overly stringent, and the robustness offered by such causal models often lacks flexibility. In this article, we focus on causality-oriented robustness and propose Distributional Robustness via Invariant Gradients (DRIG), a method that exploits general noise interventions in training data for robust predictions against unseen interventions, and naturally interpolates between in-distribution prediction and causality. In a linear setting, we prove that DRIG yields predictions that are robust among a data-dependent class of distribution shifts. Furthermore, we show that our framework includes anchor regression as a special case, and that it yields prediction models that protect against more diverse perturbations. We establish finite-sample results and extend our approach to semi-supervised domain adaptation to further improve prediction performance. Finally, we empirically validate our methods on synthetic simulations and on single-cell and intensive health care datasets. Supplementary materials for this article are available online, including a standardized description of the materials available for reproducing the work.",http://hdl.handle.net/10.1080/01621459.2025.2544365
Journal of the American Statistical Association,2026,A Bayesian Nonparametric Approach to Mediation and Spillover Effects with Multiple Mediators in Cluster-Randomized Trials,Yuki Ohnishi and Fan Li,"Cluster randomized trials (CRTs) with multiple unstructured mediators present significant methodological challenges for causal inference due to within-cluster correlation, interference among units, and the complexity introduced by multiple mediators. Existing causal mediation methods often fall short in simultaneously addressing these complexities, particularly in disentangling mediator-specific effects under interference that are central to studying complex mechanisms. To address this gap, we propose new causal estimands for spillover mediation effects that differentiate the roles of each individual’s own mediator and the spillover effects resulting from interactions among individuals within the same cluster. We establish identification results for each estimand and, to flexibly model the complex data structures inherent in CRTs, we develop a new Bayesian nonparametric prior—the Nested Dependent Dirichlet Process Mixture—designed to flexibly capture the outcome and mediator surfaces at different levels. We conduct extensive simulations across various scenarios to evaluate the frequentist performance of our methods, compare them with a Bayesian parametric counterpart and illustrate our new methods in an analysis of a completed CRT. Supplementary materials for this article are available online, including a standardized description of the materials available for reproducing the work.",http://hdl.handle.net/10.1080/01621459.2025.2544366
Journal of the American Statistical Association,2026,Inference for Dispersion and Curvature of Random Objects,Wookyeong Song and Hans-Georg Müller,"There are many open questions pertaining to the statistical analysis of random objects, which are increasingly encountered. A major challenge is the absence of linear operations in such spaces. A basic statistical task is to quantify statistical dispersion or spread. For two measures of dispersion for data objects in geodesic metric spaces, Fréchet variance and metric variance, we derive a central limit theorem (CLT) for their joint distribution. This analysis reveals that the Alexandrov curvature of the geodesic space determines the relationship between these two dispersion measures. This suggests a novel test for inferring the curvature of a space based on the asymptotic distribution of the dispersion measures. We demonstrate how this test can be employed to detect the intrinsic curvature of an unknown underlying space, which emerges as a joint property of the space and the underlying probability measure that generates the random objects. We investigate the asymptotic properties of the test and its finite-sample behavior for various data types, including distributional data and point cloud data. We illustrate the proposed inference for intrinsic curvature of random objects using gait synchronization data represented as symmetric positive definite matrices and energy compositional data on the sphere. Supplementary materials for this article are available online, including a standardized description of the materials available for reproducing the work.",http://hdl.handle.net/10.1080/01621459.2025.2544377
Journal of the American Statistical Association,2026,On the Poor Statistical Properties of the P-Curve Meta-Analytic Procedure,Richard D. Morey and Clintin P. Davis-Stober,"The P-curve is a widely used suite of meta-analytic tests advertised for detecting problems in sets of studies. They are based on nonparametric combinations of p values (e.g., Marden) across significant (p",http://hdl.handle.net/10.1080/01621459.2025.2544397
Journal of the American Statistical Association,2026,Data Thinning for Poisson Factor Models and its Applications,"Zhijing Wang, Peirong Xu, Hongyu Zhao and Tao Wang","The Poisson factor model is a powerful tool for dimension reduction and visualization of large-scale count datasets across diverse domains. Despite the availability of efficient algorithms for estimating factors and loadings, existing methods either require prior knowledge of the number of factors, or resort to ad hoc criteria for its determination. This article proposes a novel data-driven criterion called Information Criterion via Data Thinning (ICDT), leveraging the thinning property of the Poisson distribution. Unlike traditional data splitting, data thinning partitions the count matrix into training and validation sets while preserving both the distribution and the underlying data structure. Interestingly, the validation error can be decomposed into the training error plus a covariance penalty. A simple estimator of the covariance penalty is obtained, leading to the development of ICDT. The selection consistency of ICDT is derived when both the sample size and the number of variables diverge to infinity. The proposed methodology is extended to dimension reduction in regression by incorporating the response inversely into the Poisson factor model. Extensive simulated examples and two real data applications are used to evaluate the performance of ICDT and compare it with existing criteria. Supplementary materials for this article are available online, including a standardized description of the materials available for reproducing the work.",http://hdl.handle.net/10.1080/01621459.2025.2546577
Journal of the American Statistical Association,2026,Linear-Cost Vecchia Approximation of Multivariate Normal Probabilities,Jian Cao and Matthias Katzfuss,"Multivariate normal (MVN) probabilities arise in myriad applications, but they are analytically intractable and need to be evaluated via Monte Carlo-based numerical integration. For the state-of-the-art minimax exponential tilting (MET) method, we show that the complexity of each of its components can be greatly reduced through an integrand parameterization that uses the sparse inverse Cholesky factor produced by the Vecchia approximation, whose approximation error is often negligible relative to the Monte Carlo error. Based on this idea, we derive algorithms that can estimate MVN probabilities and sample from truncated MVN distributions in linear time (and that are easily parallelizable) at the same convergence or acceptance rate as MET, whose complexity is cubic in the dimension of the MVN probability. We showcase the advantages of our methods relative to existing approaches using several simulated examples. We also analyze a groundwater-contamination dataset with over 20,000 censored measurements to demonstrate the scalability of our method for partially censored Gaussian-process models. Supplementary materials for this article are available online, including a standardized description of the materials available for reproducing the work.",http://hdl.handle.net/10.1080/01621459.2025.2546586
Journal of the American Statistical Association,2026,Word-Level Maximum Mean Discrepancy Regularization for Word Embedding,Youqian Gao and Ben Dai,"The technique of word embedding is widely used in natural language processing (NLP) to represent words as numerical vectors in textual datasets. However, the estimation of word embedding may suffer from severe overfitting due to the huge variety of words. To address the issue, this article proposes a novel regularization framework that recognizes and accounts for the “word-level distribution discrepancy”—a common phenomenon in a range of NLP tasks where word distributions are noticeably disparate under different labels. The proposed regularization, referred to as word-level MMD (wMMD ), is a variant of maximum mean discrepancy (MMD) that serves a specific purpose: to enhance/preserve the distribution discrepancies within word embedding numerical vectors and thus prevent overfitting. Our theoretical analysis illustrates that wMMD can effectively operate as a dimension reduction technique of word embedding, thereby significantly improving the robustness and generalization of NLP models. The numerical effectiveness of wMMD and its variants is demonstrated in various simulated examples, CE-T1 and BBC News datasets with state-of-the-art NLP deep learning architectures. Supplementary materials for this article are available online, including a standardized description of the materials available for reproducing the work.",http://hdl.handle.net/10.1080/01621459.2025.2547978
Journal of the American Statistical Association,2026,"Balanced Sampling With Inequalities: Application to Category Bounding, Matrix Rounding, and Spread Sampling",Arnaud Tripet and Yves Tillé,"In this article, we propose a novel algorithm for balanced sample selection with linear inequality constraints, ensuring that estimators remain within fixed bounds. This algorithm extends the cube method of Deville and Tillé, allowing the selection of a sample from a database where Horvitz-Thompson estimators of totals are equal or nearly equal to the true population totals. The new algorithm has several key applications, including imposing minimum sample sizes for small areas and constraining sample sizes in potentially overlapping categories. It also addresses the controlled rounding matrix problem and links to systematic sampling with unequal probabilities. It can also be used to select doubly stratified samples when the sums of the inclusion probabilities in the strata are not integer. Additionally, the algorithm enables the selection of spatially spread samples. Simulations demonstrate that this new method performs comparably to other spread sampling techniques. Supplementary materials for this article are available online, including a standardized description of the materials available for reproducing the work.",http://hdl.handle.net/10.1080/01621459.2025.2550667
Journal of the American Statistical Association,2026,Possibilistic Inferential Models: A Review,Ryan Martin,"An inferential model (IM) is a model describing the construction of provably reliable, data-driven uncertainty quantification and inference about relevant unknowns. IMs and Fisher’s fiducial argument have similar objectives, but a fundamental distinction between the two is that the former doesn’t require that uncertainty quantification be probabilistic, offering greater flexibility and allowing for a proof of its reliability. Important recent developments have been made thanks in part to newfound connections with the imprecise probability literature, in particular, possibility theory. The brand of possibilistic IMs studied here are straightforward to construct, have very strong frequentist-like reliability properties, and offer fully conditional, Bayesian-like (imprecise) probabilistic reasoning. This article reviews these key recent developments, describing the new theory, methods, and computational tools. A generalization of the basic possibilistic IM is also presented, making new and unexpected connections with ideas in modern statistics and machine learning, for example, bootstrap and conformal prediction. Supplementary materials for this article are available online.",http://hdl.handle.net/10.1080/01621459.2025.2606127
Journal of the American Statistical Association,2026,Causal Inference in Pharmaceutical Statistics,Ashley L. Buchanan,,http://hdl.handle.net/10.1080/01621459.2025.2585561
Journal of the American Statistical Association,2026,Learning with the Minimum Description Length Principle,Peter D. Grünwald,,http://hdl.handle.net/10.1080/01621459.2025.2583392
Journal of the American Statistical Association,2026,Likelihood Methods in Survival Analysis: With R Examples,Lu Mao,,http://hdl.handle.net/10.1080/01621459.2025.2605106
Journal of the American Statistical Association,2026,Model to Meaning: How to Interpret Statistical Models with R and Python,Brenda Betancourt,,http://hdl.handle.net/10.1080/01621459.2026.2626478
Journal of the American Statistical Association,2026,Correction to “Partial Factor Modeling: Predictor-Dependent Shrinkage for Linear Regression”,The Editors,,http://hdl.handle.net/10.1080/01621459.2025.2608129
Journal of the American Statistical Association,2026,Correction: Quantification of Vaccine Waning as a Challenge Effect,The Editors,,http://hdl.handle.net/10.1080/01621459.2026.2627494
Journal of the American Statistical Association,2026,Correction,The Editors,,http://hdl.handle.net/10.1080/01621459.2026.2634602
